GW1,GW2,GW3,Setor
-80,-80,-81,c2_s1
-81,-81,-81,c2_s1
-80,-82,-80,c2_s1
-79,-82,-80,c2_s1
-73,-82,-80,c2_s1
-73,-81,-79,c2_s1
-73,-83,-80,c2_s1
-73,-81,-81,c2_s1
-74,-80,-79,c2_s1
-74,-81,-80,c2_s1
-69,-81,-82,c2_s1
-73,-82,-80,c2_s1
-73,-81,-80,c2_s1
-74,-81,-80,c2_s1
-79,-80,-79,c2_s1
-74,-81,-80,c2_s1
-73,-82,-80,c2_s1
-73,-81,-81,c2_s1
-81,-82,-80,c2_s1
-73,-81,-81,c2_s1
-80,-81,-80,c2_s1
-73,-82,-80,c2_s1
-73,-81,-80,c2_s1
-73,-81,-80,c2_s1
-79,-81,-81,c2_s1
-73,-81,-80,c2_s1
-73,-82,-80,c2_s1
-80,-82,-80,c2_s1
-73,-82,-80,c2_s1
-73,-82,-81,c2_s1
-73,-83,-80,c2_s1
-79,-82,-82,c2_s1
-73,-82,-81,c2_s1
-73,-82,-80,c2_s1
-73,-81,-80,c2_s1
-73,-82,-80,c2_s1
-72,-82,-80,c2_s1
-73,-82,-81,c2_s1
-80,-82,-80,c2_s1
-73,-81,-81,c2_s1
-73,-81,-79,c2_s1
-73,-82,-79,c2_s1
-69,-81,-80,c2_s1
-73,-81,-81,c2_s1
-79,-81,-80,c2_s1
-73,-82,-81,c2_s1
-73,-80,-80,c2_s1
-80,-80,-80,c2_s1
-73,-81,-81,c2_s1
-73,-81,-80,c2_s1
-81,-81,-80,c2_s1
-73,-81,-80,c2_s1
-81,-82,-81,c2_s1
-81,-83,-79,c2_s1
-73,-81,-80,c2_s1
-80,-82,-80,c2_s1
-73,-82,-80,c2_s1
-73,-82,-80,c2_s1
-78,-81,-80,c2_s1
-73,-82,-79,c2_s1
-73,-82,-80,c2_s1
-80,-82,-81,c2_s1
-73,-82,-80,c2_s1
-73,-81,-80,c2_s1
-81,-81,-80,c2_s1
-73,-82,-80,c2_s1
-73,-82,-80,c2_s1
-73,-82,-80,c2_s1
-73,-82,-80,c2_s1
-78,-82,-80,c2_s1
-74,-81,-80,c2_s1
-79,-82,-80,c2_s1
-73,-81,-81,c2_s1
-73,-82,-80,c2_s1
-72,-82,-80,c2_s1
-80,-81,-81,c2_s1
-73,-82,-81,c2_s1
-73,-81,-80,c2_s1
-73,-82,-81,c2_s1
-73,-81,-80,c2_s1
-72,-82,-80,c2_s1
-73,-82,-80,c2_s1
-73,-81,-80,c2_s1
-73,-81,-80,c2_s1
-72,-82,-79,c2_s1
-72,-82,-79,c2_s1
-78,-82,-80,c2_s1
-72,-82,-79,c2_s1
-73,-82,-80,c2_s1
-73,-81,-80,c2_s1
-73,-81,-79,c2_s1
-73,-81,-80,c2_s1
-72,-81,-79,c2_s1
-79,-83,-80,c2_s1
-78,-81,-80,c2_s1
-73,-82,-81,c2_s1
-78,-82,-80,c2_s1
-72,-82,-79,c2_s1
-73,-81,-80,c2_s1
-81,-82,-80,c2_s1
-83,-79,-85,c2_s1
-82,-79,-84,c2_s1
-83,-79,-84,c2_s1
-83,-79,-85,c2_s1
-83,-79,-85,c2_s1
-83,-79,-86,c2_s1
-82,-79,-84,c2_s1
-83,-79,-86,c2_s1
-84,-79,-85,c2_s1
-81,-79,-84,c2_s1
-83,-79,-85,c2_s1
-82,-79,-86,c2_s1
-82,-79,-85,c2_s1
-82,-79,-85,c2_s1
-85,-79,-84,c2_s1
-82,-79,-84,c2_s1
-84,-79,-84,c2_s1
-83,-79,-84,c2_s1
-83,-79,-85,c2_s1
-86,-79,-85,c2_s1
-86,-79,-84,c2_s1
-85,-79,-85,c2_s1
-85,-79,-85,c2_s1
-86,-79,-85,c2_s1
-86,-79,-85,c2_s1
-85,-79,-85,c2_s1
-85,-79,-85,c2_s1
-84,-79,-85,c2_s1
-84,-79,-84,c2_s1
-85,-79,-85,c2_s1
-85,-79,-85,c2_s1
-85,-79,-84,c2_s1
-87,-79,-86,c2_s1
-84,-79,-85,c2_s1
-86,-79,-85,c2_s1
-86,-79,-85,c2_s1
-85,-79,-85,c2_s1
-84,-79,-86,c2_s1
-85,-79,-85,c2_s1
-85,-79,-84,c2_s1
-85,-79,-84,c2_s1
-87,-79,-84,c2_s1
-85,-79,-86,c2_s1
-85,-79,-84,c2_s1
-86,-79,-86,c2_s1
-87,-79,-85,c2_s1
-86,-79,-85,c2_s1
-86,-79,-84,c2_s1
-84,-79,-85,c2_s1
-84,-79,-86,c2_s1
-86,-79,-84,c2_s1
-87,-79,-84,c2_s1
-80,-79,-85,c2_s1
-85,-79,-84,c2_s1
-85,-79,-85,c2_s1
-86,-79,-85,c2_s1
-85,-79,-84,c2_s1
-85,-79,-85,c2_s1
-84,-79,-84,c2_s1
-85,-79,-84,c2_s1
-86,-79,-85,c2_s1
-86,-79,-86,c2_s1
-85,-79,-84,c2_s1
-84,-79,-86,c2_s1
-84,-79,-84,c2_s1
-85,-79,-85,c2_s1
-85,-79,-85,c2_s1
-85,-79,-84,c2_s1
-84,-79,-84,c2_s1
-82,-79,-85,c2_s1
-85,-79,-85,c2_s1
-85,-79,-84,c2_s1
-85,-79,-85,c2_s1
-83,-79,-85,c2_s1
-85,-79,-85,c2_s1
-85,-79,-85,c2_s1
-85,-79,-85,c2_s1
-85,-79,-84,c2_s1
-83,-79,-83,c2_s1
-84,-79,-85,c2_s1
-87,-79,-85,c2_s1
-82,-79,-85,c2_s1
-85,-79,-85,c2_s1
-85,-79,-84,c2_s1
-86,-79,-85,c2_s1
-81,-79,-84,c2_s1
-84,-79,-84,c2_s1
-85,-79,-85,c2_s1
-86,-79,-86,c2_s1
-80,-79,-84,c2_s1
-85,-79,-84,c2_s1
-85,-79,-82,c2_s1
-85,-79,-85,c2_s1
-86,-79,-85,c2_s1
-81,-79,-84,c2_s1
-85,-79,-84,c2_s1
-85,-79,-86,c2_s1
-85,-79,-85,c2_s1
-85,-79,-85,c2_s1
-85,-79,-84,c2_s1
-76,-83,-91,c2_s1
-76,-83,-92,c2_s1
-75,-83,-91,c2_s1
-75,-82,-92,c2_s1
-76,-84,-91,c2_s1
-76,-83,-90,c2_s1
-75,-83,-91,c2_s1
-76,-83,-90,c2_s1
-75,-84,-93,c2_s1
-76,-83,-91,c2_s1
-76,-83,-90,c2_s1
-76,-83,-87,c2_s1
-76,-83,-89,c2_s1
-75,-83,-90,c2_s1
-76,-83,-89,c2_s1
-75,-83,-89,c2_s1
-75,-82,-90,c2_s1
-76,-83,-89,c2_s1
-76,-81,-91,c2_s1
-75,-83,-89,c2_s1
-75,-83,-91,c2_s1
-76,-84,-89,c2_s1
-76,-83,-89,c2_s1
-76,-82,-90,c2_s1
-75,-83,-88,c2_s1
-76,-82,-90,c2_s1
-76,-83,-94,c2_s1
-76,-83,-90,c2_s1
-76,-83,-88,c2_s1
-76,-82,-88,c2_s1
-76,-83,-92,c2_s1
-76,-83,-90,c2_s1
-75,-82,-92,c2_s1
-76,-82,-91,c2_s1
-76,-82,-89,c2_s1
-76,-83,-92,c2_s1
-75,-82,-90,c2_s1
-76,-83,-90,c2_s1
-76,-82,-91,c2_s1
-76,-83,-90,c2_s1
-76,-81,-91,c2_s1
-75,-84,-91,c2_s1
-75,-82,-90,c2_s1
-76,-82,-92,c2_s1
-76,-83,-91,c2_s1
-76,-83,-91,c2_s1
-76,-83,-90,c2_s1
-75,-82,-90,c2_s1
-76,-83,-92,c2_s1
-75,-83,-94,c2_s1
-75,-81,-93,c2_s1
-76,-82,-93,c2_s1
-76,-83,-93,c2_s1
-76,-81,-91,c2_s1
-75,-83,-92,c2_s1
-76,-82,-93,c2_s1
-76,-83,-92,c2_s1
-75,-82,-92,c2_s1
-76,-82,-92,c2_s1
-75,-81,-94,c2_s1
-76,-83,-90,c2_s1
-75,-83,-93,c2_s1
-76,-81,-90,c2_s1
-76,-81,-90,c2_s1
-76,-82,-91,c2_s1
-75,-83,-92,c2_s1
-75,-83,-93,c2_s1
-75,-83,-90,c2_s1
-76,-84,-89,c2_s1
-75,-82,-92,c2_s1
-76,-83,-90,c2_s1
-76,-82,-90,c2_s1
-75,-83,-91,c2_s1
-75,-83,-94,c2_s1
-75,-82,-90,c2_s1
-75,-83,-92,c2_s1
-75,-82,-90,c2_s1
-75,-82,-91,c2_s1
-75,-82,-91,c2_s1
-76,-81,-92,c2_s1
-75,-82,-91,c2_s1
-75,-83,-91,c2_s1
-76,-83,-91,c2_s1
-76,-83,-90,c2_s1
-75,-83,-93,c2_s1
-76,-82,-90,c2_s1
-75,-82,-91,c2_s1
-75,-82,-93,c2_s1
-75,-83,-90,c2_s1
-75,-82,-93,c2_s1
-75,-83,-91,c2_s1
-75,-82,-94,c2_s1
-75,-82,-91,c2_s1
-75,-83,-91,c2_s1
-75,-84,-92,c2_s1
-76,-83,-91,c2_s1
-75,-82,-90,c2_s1
-75,-83,-92,c2_s1
-75,-83,-91,c2_s1
-75,-84,-90,c2_s1
-88,-70,-89,c2_s1
-89,-70,-88,c2_s1
-87,-71,-88,c2_s1
-88,-72,-88,c2_s1
-88,-71,-88,c2_s1
-88,-70,-90,c2_s1
-88,-70,-88,c2_s1
-88,-72,-89,c2_s1
-89,-70,-90,c2_s1
-88,-71,-89,c2_s1
-88,-70,-89,c2_s1
-88,-70,-89,c2_s1
-89,-70,-89,c2_s1
-88,-71,-90,c2_s1
-88,-71,-89,c2_s1
-88,-70,-89,c2_s1
-88,-71,-88,c2_s1
-89,-71,-88,c2_s1
-88,-70,-88,c2_s1
-88,-71,-88,c2_s1
-88,-71,-89,c2_s1
-90,-70,-88,c2_s1
-87,-70,-89,c2_s1
-88,-70,-89,c2_s1
-88,-71,-88,c2_s1
-89,-71,-88,c2_s1
-88,-71,-89,c2_s1
-88,-72,-90,c2_s1
-88,-70,-88,c2_s1
-88,-70,-90,c2_s1
-88,-72,-89,c2_s1
-88,-72,-89,c2_s1
-88,-70,-88,c2_s1
-89,-70,-88,c2_s1
-88,-70,-89,c2_s1
-90,-70,-88,c2_s1
-88,-71,-89,c2_s1
-89,-71,-89,c2_s1
-88,-72,-89,c2_s1
-88,-70,-87,c2_s1
-90,-70,-90,c2_s1
-90,-72,-88,c2_s1
-88,-71,-88,c2_s1
-88,-72,-89,c2_s1
-88,-70,-87,c2_s1
-88,-70,-90,c2_s1
-88,-70,-89,c2_s1
-88,-70,-89,c2_s1
-88,-70,-89,c2_s1
-87,-70,-88,c2_s1
-88,-71,-88,c2_s1
-90,-70,-88,c2_s1
-88,-70,-88,c2_s1
-89,-70,-89,c2_s1
-88,-70,-89,c2_s1
-88,-70,-88,c2_s1
-88,-71,-87,c2_s1
-88,-71,-88,c2_s1
-88,-70,-90,c2_s1
-88,-70,-87,c2_s1
-88,-70,-88,c2_s1
-88,-70,-90,c2_s1
-88,-70,-89,c2_s1
-88,-70,-88,c2_s1
-88,-71,-88,c2_s1
-88,-71,-89,c2_s1
-88,-71,-88,c2_s1
-88,-70,-88,c2_s1
-88,-70,-88,c2_s1
-89,-70,-89,c2_s1
-89,-71,-88,c2_s1
-89,-71,-89,c2_s1
-88,-70,-89,c2_s1
-88,-70,-88,c2_s1
-88,-71,-90,c2_s1
-88,-71,-89,c2_s1
-88,-71,-88,c2_s1
-88,-71,-88,c2_s1
-90,-71,-88,c2_s1
-90,-69,-89,c2_s1
-88,-71,-89,c2_s1
-88,-70,-88,c2_s1
-88,-71,-89,c2_s1
-88,-70,-87,c2_s1
-87,-70,-89,c2_s1
-88,-70,-87,c2_s1
-88,-70,-88,c2_s1
-87,-70,-89,c2_s1
-88,-71,-89,c2_s1
-88,-70,-88,c2_s1
-88,-70,-88,c2_s1
-88,-70,-89,c2_s1
-88,-70,-90,c2_s1
-87,-70,-89,c2_s1
-89,-71,-89,c2_s1
-88,-69,-89,c2_s1
-88,-70,-88,c2_s1
-89,-70,-89,c2_s1
-88,-70,-88,c2_s1
-88,-70,-88,c2_s1
-60,-81,-84,c2_s1
-61,-81,-86,c2_s1
-61,-81,-84,c2_s1
-60,-81,-84,c2_s1
-60,-81,-84,c2_s1
-60,-81,-85,c2_s1
-60,-81,-84,c2_s1
-60,-81,-84,c2_s1
-60,-81,-86,c2_s1
-61,-81,-85,c2_s1
-60,-81,-84,c2_s1
-60,-81,-85,c2_s1
-60,-81,-85,c2_s1
-61,-81,-86,c2_s1
-60,-81,-85,c2_s1
-61,-81,-85,c2_s1
-61,-81,-85,c2_s1
-60,-81,-84,c2_s1
-61,-81,-85,c2_s1
-60,-81,-85,c2_s1
-61,-81,-84,c2_s1
-61,-81,-85,c2_s1
-61,-81,-84,c2_s1
-60,-81,-84,c2_s1
-60,-81,-85,c2_s1
-60,-81,-85,c2_s1
-60,-81,-84,c2_s1
-60,-81,-85,c2_s1
-60,-81,-84,c2_s1
-60,-81,-85,c2_s1
-61,-81,-84,c2_s1
-60,-81,-85,c2_s1
-61,-81,-84,c2_s1
-60,-81,-85,c2_s1
-61,-81,-86,c2_s1
-60,-81,-85,c2_s1
-60,-81,-84,c2_s1
-60,-81,-84,c2_s1
-60,-81,-83,c2_s1
-60,-81,-84,c2_s1
-61,-81,-85,c2_s1
-61,-81,-85,c2_s1
-60,-81,-84,c2_s1
-60,-81,-85,c2_s1
-61,-81,-84,c2_s1
-61,-81,-86,c2_s1
-61,-81,-85,c2_s1
-60,-81,-84,c2_s1
-60,-81,-85,c2_s1
-61,-81,-84,c2_s1
-60,-81,-86,c2_s1
-60,-81,-85,c2_s1
-61,-81,-86,c2_s1
-61,-81,-85,c2_s1
-60,-81,-85,c2_s1
-60,-81,-84,c2_s1
-60,-81,-85,c2_s1
-61,-81,-85,c2_s1
-61,-81,-85,c2_s1
-61,-81,-84,c2_s1
-61,-81,-84,c2_s1
-61,-81,-85,c2_s1
-61,-81,-86,c2_s1
-60,-81,-85,c2_s1
-61,-81,-85,c2_s1
-61,-81,-85,c2_s1
-60,-81,-85,c2_s1
-60,-81,-84,c2_s1
-61,-81,-85,c2_s1
-61,-81,-85,c2_s1
-60,-81,-84,c2_s1
-60,-81,-85,c2_s1
-60,-81,-85,c2_s1
-60,-81,-86,c2_s1
-60,-81,-84,c2_s1
-60,-81,-85,c2_s1
-61,-81,-84,c2_s1
-61,-81,-84,c2_s1
-60,-81,-85,c2_s1
-61,-81,-83,c2_s1
-60,-81,-84,c2_s1
-60,-81,-84,c2_s1
-61,-81,-84,c2_s1
-60,-81,-84,c2_s1
-60,-81,-84,c2_s1
-60,-81,-84,c2_s1
-61,-81,-85,c2_s1
-61,-81,-84,c2_s1
-61,-81,-86,c2_s1
-60,-81,-85,c2_s1
-60,-81,-84,c2_s1
-60,-81,-85,c2_s1
-60,-81,-85,c2_s1
-60,-81,-84,c2_s1
-61,-81,-83,c2_s1
-60,-81,-86,c2_s1
-60,-81,-85,c2_s1
-61,-81,-85,c2_s1
-61,-81,-85,c2_s1
-60,-81,-84,c2_s1
-76,-76,-91,c2_s1
-81,-76,-91,c2_s1
-79,-76,-91,c2_s1
-81,-76,-91,c2_s1
-76,-76,-93,c2_s1
-81,-76,-91,c2_s1
-77,-76,-91,c2_s1
-76,-76,-92,c2_s1
-76,-76,-91,c2_s1
-77,-76,-92,c2_s1
-80,-76,-92,c2_s1
-81,-76,-90,c2_s1
-77,-76,-93,c2_s1
-81,-76,-92,c2_s1
-77,-76,-91,c2_s1
-81,-76,-93,c2_s1
-76,-76,-91,c2_s1
-77,-76,-90,c2_s1
-76,-76,-91,c2_s1
-81,-76,-91,c2_s1
-81,-76,-91,c2_s1
-77,-76,-90,c2_s1
-79,-76,-91,c2_s1
-80,-76,-92,c2_s1
-79,-76,-92,c2_s1
-76,-76,-91,c2_s1
-81,-76,-91,c2_s1
-81,-76,-91,c2_s1
-76,-76,-91,c2_s1
-80,-76,-90,c2_s1
-81,-76,-92,c2_s1
-75,-76,-92,c2_s1
-81,-76,-91,c2_s1
-81,-76,-91,c2_s1
-77,-76,-91,c2_s1
-80,-76,-91,c2_s1
-76,-76,-91,c2_s1
-81,-76,-92,c2_s1
-80,-76,-91,c2_s1
-76,-76,-90,c2_s1
-76,-76,-93,c2_s1
-77,-76,-93,c2_s1
-80,-76,-91,c2_s1
-76,-76,-91,c2_s1
-79,-76,-91,c2_s1
-77,-76,-91,c2_s1
-81,-76,-91,c2_s1
-77,-76,-91,c2_s1
-77,-76,-91,c2_s1
-78,-76,-93,c2_s1
-81,-76,-92,c2_s1
-76,-76,-92,c2_s1
-79,-76,-92,c2_s1
-76,-76,-91,c2_s1
-81,-76,-93,c2_s1
-81,-76,-91,c2_s1
-77,-76,-91,c2_s1
-79,-76,-91,c2_s1
-81,-76,-91,c2_s1
-81,-76,-92,c2_s1
-77,-76,-91,c2_s1
-76,-76,-92,c2_s1
-81,-76,-91,c2_s1
-81,-76,-91,c2_s1
-81,-76,-91,c2_s1
-76,-76,-91,c2_s1
-81,-76,-91,c2_s1
-76,-76,-90,c2_s1
-81,-76,-91,c2_s1
-80,-76,-91,c2_s1
-76,-76,-91,c2_s1
-80,-76,-91,c2_s1
-77,-76,-93,c2_s1
-76,-76,-91,c2_s1
-81,-76,-92,c2_s1
-81,-76,-91,c2_s1
-76,-76,-90,c2_s1
-81,-76,-91,c2_s1
-76,-76,-90,c2_s1
-76,-76,-91,c2_s1
-80,-76,-90,c2_s1
-81,-76,-92,c2_s1
-80,-76,-91,c2_s1
-78,-76,-91,c2_s1
-76,-76,-91,c2_s1
-80,-76,-91,c2_s1
-77,-76,-91,c2_s1
-76,-76,-91,c2_s1
-76,-76,-92,c2_s1
-79,-76,-91,c2_s1
-79,-76,-91,c2_s1
-81,-76,-91,c2_s1
-82,-76,-91,c2_s1
-76,-76,-92,c2_s1
-78,-76,-91,c2_s1
-78,-76,-91,c2_s1
-80,-76,-90,c2_s1
-81,-76,-90,c2_s1
-76,-76,-91,c2_s1
-80,-76,-92,c2_s1
-77,-73,-80,c2_s2
-77,-73,-81,c2_s2
-76,-73,-81,c2_s2
-76,-73,-81,c2_s2
-76,-73,-80,c2_s2
-77,-73,-80,c2_s2
-77,-73,-80,c2_s2
-77,-73,-81,c2_s2
-77,-73,-81,c2_s2
-76,-73,-80,c2_s2
-76,-73,-81,c2_s2
-77,-73,-81,c2_s2
-76,-73,-81,c2_s2
-76,-73,-80,c2_s2
-78,-73,-81,c2_s2
-77,-73,-80,c2_s2
-77,-73,-80,c2_s2
-77,-73,-81,c2_s2
-76,-73,-81,c2_s2
-76,-73,-82,c2_s2
-77,-73,-81,c2_s2
-77,-73,-82,c2_s2
-76,-73,-81,c2_s2
-77,-73,-80,c2_s2
-77,-73,-80,c2_s2
-77,-73,-81,c2_s2
-76,-73,-82,c2_s2
-76,-73,-81,c2_s2
-76,-73,-81,c2_s2
-77,-73,-81,c2_s2
-77,-73,-81,c2_s2
-77,-73,-81,c2_s2
-76,-73,-80,c2_s2
-77,-73,-80,c2_s2
-77,-73,-80,c2_s2
-77,-73,-80,c2_s2
-76,-73,-81,c2_s2
-77,-73,-81,c2_s2
-77,-73,-81,c2_s2
-76,-73,-81,c2_s2
-77,-73,-81,c2_s2
-76,-73,-80,c2_s2
-77,-73,-82,c2_s2
-77,-73,-80,c2_s2
-77,-73,-81,c2_s2
-77,-73,-82,c2_s2
-76,-73,-81,c2_s2
-78,-73,-80,c2_s2
-76,-73,-80,c2_s2
-76,-73,-81,c2_s2
-77,-73,-80,c2_s2
-76,-73,-81,c2_s2
-77,-73,-81,c2_s2
-76,-73,-80,c2_s2
-75,-73,-81,c2_s2
-78,-73,-80,c2_s2
-77,-73,-81,c2_s2
-77,-73,-80,c2_s2
-77,-73,-80,c2_s2
-77,-73,-80,c2_s2
-76,-73,-80,c2_s2
-77,-73,-80,c2_s2
-77,-73,-80,c2_s2
-76,-73,-80,c2_s2
-76,-73,-80,c2_s2
-76,-73,-81,c2_s2
-77,-73,-80,c2_s2
-77,-73,-80,c2_s2
-77,-73,-80,c2_s2
-77,-73,-80,c2_s2
-75,-73,-80,c2_s2
-77,-73,-80,c2_s2
-77,-73,-79,c2_s2
-77,-73,-81,c2_s2
-75,-73,-80,c2_s2
-77,-73,-80,c2_s2
-77,-73,-80,c2_s2
-76,-73,-79,c2_s2
-77,-73,-80,c2_s2
-77,-73,-79,c2_s2
-76,-73,-80,c2_s2
-76,-73,-80,c2_s2
-77,-73,-81,c2_s2
-77,-73,-80,c2_s2
-77,-73,-80,c2_s2
-77,-73,-79,c2_s2
-76,-73,-79,c2_s2
-78,-73,-79,c2_s2
-77,-73,-80,c2_s2
-77,-73,-80,c2_s2
-77,-73,-80,c2_s2
-75,-73,-80,c2_s2
-77,-73,-80,c2_s2
-77,-73,-79,c2_s2
-77,-73,-80,c2_s2
-77,-73,-80,c2_s2
-76,-73,-79,c2_s2
-76,-73,-80,c2_s2
-76,-73,-79,c2_s2
-75,-73,-79,c2_s2
-77,-68,-77,c2_s2
-77,-68,-78,c2_s2
-77,-68,-79,c2_s2
-76,-68,-77,c2_s2
-77,-67,-77,c2_s2
-76,-68,-78,c2_s2
-76,-68,-78,c2_s2
-77,-68,-77,c2_s2
-76,-67,-78,c2_s2
-76,-67,-78,c2_s2
-76,-68,-77,c2_s2
-76,-67,-77,c2_s2
-77,-68,-78,c2_s2
-77,-68,-78,c2_s2
-76,-68,-78,c2_s2
-77,-67,-77,c2_s2
-77,-67,-78,c2_s2
-77,-68,-77,c2_s2
-76,-68,-77,c2_s2
-76,-68,-77,c2_s2
-76,-68,-78,c2_s2
-76,-67,-78,c2_s2
-77,-67,-78,c2_s2
-77,-68,-77,c2_s2
-77,-68,-77,c2_s2
-76,-67,-78,c2_s2
-77,-67,-78,c2_s2
-76,-68,-78,c2_s2
-76,-68,-78,c2_s2
-77,-67,-77,c2_s2
-76,-68,-78,c2_s2
-77,-67,-77,c2_s2
-77,-67,-78,c2_s2
-76,-68,-78,c2_s2
-76,-68,-78,c2_s2
-77,-67,-77,c2_s2
-76,-68,-77,c2_s2
-77,-67,-77,c2_s2
-76,-68,-78,c2_s2
-76,-68,-78,c2_s2
-76,-68,-78,c2_s2
-76,-67,-78,c2_s2
-77,-68,-78,c2_s2
-76,-68,-77,c2_s2
-77,-68,-76,c2_s2
-76,-67,-78,c2_s2
-77,-67,-78,c2_s2
-76,-67,-78,c2_s2
-76,-68,-78,c2_s2
-76,-68,-77,c2_s2
-77,-68,-79,c2_s2
-76,-68,-78,c2_s2
-77,-68,-78,c2_s2
-77,-68,-78,c2_s2
-76,-68,-78,c2_s2
-76,-68,-78,c2_s2
-76,-68,-78,c2_s2
-76,-68,-78,c2_s2
-76,-68,-78,c2_s2
-76,-68,-77,c2_s2
-76,-67,-78,c2_s2
-76,-68,-77,c2_s2
-77,-68,-78,c2_s2
-76,-68,-78,c2_s2
-76,-68,-77,c2_s2
-76,-68,-78,c2_s2
-76,-68,-78,c2_s2
-76,-68,-77,c2_s2
-76,-67,-78,c2_s2
-76,-68,-78,c2_s2
-76,-67,-78,c2_s2
-77,-67,-78,c2_s2
-76,-68,-78,c2_s2
-76,-67,-77,c2_s2
-76,-67,-77,c2_s2
-75,-68,-77,c2_s2
-77,-68,-78,c2_s2
-77,-67,-78,c2_s2
-76,-67,-78,c2_s2
-77,-68,-77,c2_s2
-77,-68,-77,c2_s2
-76,-68,-78,c2_s2
-77,-68,-77,c2_s2
-76,-68,-77,c2_s2
-77,-67,-77,c2_s2
-76,-68,-78,c2_s2
-76,-68,-78,c2_s2
-76,-68,-78,c2_s2
-77,-68,-78,c2_s2
-76,-68,-77,c2_s2
-76,-68,-77,c2_s2
-76,-68,-78,c2_s2
-76,-68,-77,c2_s2
-77,-68,-78,c2_s2
-77,-67,-77,c2_s2
-76,-68,-78,c2_s2
-76,-68,-78,c2_s2
-77,-68,-78,c2_s2
-76,-68,-77,c2_s2
-76,-67,-78,c2_s2
-71,-82,-81,c2_s2
-71,-80,-80,c2_s2
-71,-83,-81,c2_s2
-71,-79,-81,c2_s2
-71,-82,-80,c2_s2
-71,-82,-80,c2_s2
-71,-81,-80,c2_s2
-71,-81,-80,c2_s2
-71,-82,-80,c2_s2
-71,-81,-81,c2_s2
-71,-82,-82,c2_s2
-71,-79,-80,c2_s2
-71,-80,-80,c2_s2
-71,-80,-81,c2_s2
-71,-82,-80,c2_s2
-71,-80,-80,c2_s2
-71,-80,-81,c2_s2
-71,-83,-81,c2_s2
-71,-82,-81,c2_s2
-71,-83,-81,c2_s2
-71,-80,-81,c2_s2
-71,-82,-81,c2_s2
-71,-79,-81,c2_s2
-71,-78,-80,c2_s2
-71,-80,-80,c2_s2
-71,-80,-81,c2_s2
-71,-82,-80,c2_s2
-71,-82,-81,c2_s2
-71,-82,-81,c2_s2
-71,-79,-81,c2_s2
-71,-81,-81,c2_s2
-71,-80,-81,c2_s2
-71,-83,-81,c2_s2
-71,-82,-80,c2_s2
-71,-78,-81,c2_s2
-71,-79,-81,c2_s2
-71,-80,-81,c2_s2
-71,-80,-80,c2_s2
-71,-82,-81,c2_s2
-71,-80,-81,c2_s2
-71,-80,-81,c2_s2
-71,-78,-81,c2_s2
-71,-82,-80,c2_s2
-71,-82,-82,c2_s2
-71,-82,-81,c2_s2
-71,-82,-80,c2_s2
-71,-80,-80,c2_s2
-71,-79,-82,c2_s2
-71,-82,-81,c2_s2
-71,-80,-81,c2_s2
-71,-82,-81,c2_s2
-71,-79,-81,c2_s2
-71,-82,-81,c2_s2
-71,-80,-80,c2_s2
-71,-82,-82,c2_s2
-71,-82,-81,c2_s2
-71,-79,-81,c2_s2
-71,-80,-81,c2_s2
-71,-82,-80,c2_s2
-71,-78,-81,c2_s2
-71,-80,-80,c2_s2
-71,-82,-80,c2_s2
-71,-79,-81,c2_s2
-71,-82,-81,c2_s2
-71,-82,-80,c2_s2
-71,-81,-80,c2_s2
-71,-79,-81,c2_s2
-71,-79,-81,c2_s2
-71,-81,-81,c2_s2
-71,-79,-81,c2_s2
-71,-82,-80,c2_s2
-71,-81,-81,c2_s2
-71,-79,-81,c2_s2
-71,-80,-80,c2_s2
-71,-81,-81,c2_s2
-71,-83,-80,c2_s2
-71,-82,-80,c2_s2
-71,-82,-81,c2_s2
-71,-79,-80,c2_s2
-71,-80,-80,c2_s2
-71,-82,-80,c2_s2
-71,-80,-80,c2_s2
-71,-82,-80,c2_s2
-71,-82,-81,c2_s2
-71,-80,-81,c2_s2
-71,-78,-80,c2_s2
-71,-84,-81,c2_s2
-71,-82,-80,c2_s2
-71,-81,-80,c2_s2
-71,-83,-81,c2_s2
-71,-82,-80,c2_s2
-71,-80,-81,c2_s2
-71,-82,-80,c2_s2
-71,-81,-80,c2_s2
-71,-83,-81,c2_s2
-71,-80,-80,c2_s2
-71,-81,-81,c2_s2
-71,-82,-80,c2_s2
-71,-82,-81,c2_s2
-71,-80,-80,c2_s2
-88,-74,-83,c2_s2
-89,-74,-83,c2_s2
-87,-74,-83,c2_s2
-90,-74,-82,c2_s2
-89,-74,-82,c2_s2
-87,-74,-83,c2_s2
-86,-74,-83,c2_s2
-87,-74,-83,c2_s2
-88,-74,-83,c2_s2
-88,-74,-83,c2_s2
-89,-74,-83,c2_s2
-90,-74,-84,c2_s2
-86,-74,-82,c2_s2
-88,-74,-83,c2_s2
-87,-74,-83,c2_s2
-89,-74,-82,c2_s2
-87,-74,-82,c2_s2
-86,-74,-84,c2_s2
-89,-74,-83,c2_s2
-88,-74,-82,c2_s2
-86,-74,-84,c2_s2
-87,-74,-82,c2_s2
-89,-74,-82,c2_s2
-89,-74,-82,c2_s2
-87,-74,-83,c2_s2
-88,-74,-82,c2_s2
-89,-74,-82,c2_s2
-89,-74,-82,c2_s2
-90,-74,-83,c2_s2
-88,-74,-83,c2_s2
-87,-74,-83,c2_s2
-86,-74,-83,c2_s2
-85,-74,-82,c2_s2
-87,-74,-82,c2_s2
-89,-74,-83,c2_s2
-88,-74,-83,c2_s2
-87,-74,-83,c2_s2
-87,-74,-83,c2_s2
-90,-74,-82,c2_s2
-89,-74,-83,c2_s2
-88,-74,-82,c2_s2
-90,-74,-82,c2_s2
-88,-74,-83,c2_s2
-89,-74,-84,c2_s2
-85,-74,-83,c2_s2
-88,-74,-83,c2_s2
-89,-74,-83,c2_s2
-88,-74,-82,c2_s2
-86,-74,-83,c2_s2
-88,-74,-82,c2_s2
-88,-74,-82,c2_s2
-87,-74,-84,c2_s2
-89,-74,-82,c2_s2
-86,-74,-83,c2_s2
-88,-74,-82,c2_s2
-89,-74,-83,c2_s2
-86,-74,-83,c2_s2
-88,-74,-82,c2_s2
-88,-74,-83,c2_s2
-87,-74,-83,c2_s2
-88,-74,-82,c2_s2
-88,-74,-84,c2_s2
-88,-74,-82,c2_s2
-87,-74,-84,c2_s2
-89,-74,-84,c2_s2
-89,-74,-82,c2_s2
-88,-74,-82,c2_s2
-87,-74,-83,c2_s2
-87,-74,-82,c2_s2
-88,-74,-82,c2_s2
-88,-74,-82,c2_s2
-88,-74,-83,c2_s2
-86,-74,-83,c2_s2
-88,-74,-83,c2_s2
-89,-74,-83,c2_s2
-88,-74,-83,c2_s2
-88,-74,-83,c2_s2
-87,-74,-83,c2_s2
-90,-74,-82,c2_s2
-86,-74,-83,c2_s2
-89,-74,-81,c2_s2
-87,-74,-83,c2_s2
-89,-74,-82,c2_s2
-88,-74,-82,c2_s2
-87,-74,-83,c2_s2
-88,-74,-82,c2_s2
-87,-74,-82,c2_s2
-86,-74,-83,c2_s2
-87,-74,-83,c2_s2
-87,-74,-83,c2_s2
-89,-74,-83,c2_s2
-87,-74,-83,c2_s2
-88,-74,-84,c2_s2
-89,-74,-84,c2_s2
-89,-74,-82,c2_s2
-88,-74,-82,c2_s2
-89,-74,-83,c2_s2
-87,-74,-82,c2_s2
-89,-74,-83,c2_s2
-90,-74,-83,c2_s2
-79,-70,-89,c2_s2
-79,-71,-87,c2_s2
-79,-71,-88,c2_s2
-79,-70,-89,c2_s2
-79,-70,-87,c2_s2
-79,-70,-89,c2_s2
-79,-70,-88,c2_s2
-79,-70,-86,c2_s2
-79,-70,-89,c2_s2
-79,-71,-88,c2_s2
-79,-71,-89,c2_s2
-79,-70,-89,c2_s2
-79,-71,-89,c2_s2
-79,-70,-89,c2_s2
-79,-70,-89,c2_s2
-79,-70,-90,c2_s2
-79,-71,-89,c2_s2
-79,-70,-89,c2_s2
-79,-71,-90,c2_s2
-79,-71,-90,c2_s2
-79,-71,-90,c2_s2
-79,-70,-88,c2_s2
-79,-71,-89,c2_s2
-79,-71,-90,c2_s2
-79,-71,-88,c2_s2
-79,-71,-88,c2_s2
-79,-71,-89,c2_s2
-79,-70,-88,c2_s2
-79,-71,-88,c2_s2
-79,-70,-92,c2_s2
-79,-71,-90,c2_s2
-79,-70,-88,c2_s2
-79,-71,-90,c2_s2
-79,-70,-89,c2_s2
-79,-71,-90,c2_s2
-79,-70,-89,c2_s2
-79,-70,-90,c2_s2
-79,-70,-90,c2_s2
-79,-71,-89,c2_s2
-79,-71,-90,c2_s2
-79,-70,-89,c2_s2
-79,-70,-88,c2_s2
-79,-71,-88,c2_s2
-79,-70,-89,c2_s2
-79,-70,-90,c2_s2
-79,-70,-88,c2_s2
-79,-71,-88,c2_s2
-79,-70,-90,c2_s2
-79,-71,-89,c2_s2
-79,-71,-90,c2_s2
-79,-71,-88,c2_s2
-79,-71,-89,c2_s2
-79,-70,-88,c2_s2
-79,-71,-89,c2_s2
-79,-70,-90,c2_s2
-79,-70,-89,c2_s2
-79,-71,-89,c2_s2
-79,-71,-90,c2_s2
-79,-70,-89,c2_s2
-79,-70,-89,c2_s2
-79,-70,-89,c2_s2
-79,-70,-89,c2_s2
-79,-70,-87,c2_s2
-79,-70,-90,c2_s2
-79,-70,-88,c2_s2
-79,-70,-90,c2_s2
-79,-71,-89,c2_s2
-79,-70,-89,c2_s2
-79,-71,-89,c2_s2
-79,-70,-89,c2_s2
-79,-70,-88,c2_s2
-79,-70,-89,c2_s2
-79,-70,-91,c2_s2
-79,-71,-89,c2_s2
-79,-70,-87,c2_s2
-79,-70,-89,c2_s2
-79,-71,-90,c2_s2
-79,-70,-88,c2_s2
-79,-71,-89,c2_s2
-79,-71,-90,c2_s2
-79,-70,-90,c2_s2
-79,-70,-90,c2_s2
-79,-70,-90,c2_s2
-79,-71,-88,c2_s2
-79,-70,-90,c2_s2
-79,-70,-89,c2_s2
-79,-71,-89,c2_s2
-79,-71,-87,c2_s2
-79,-70,-88,c2_s2
-79,-69,-87,c2_s2
-79,-70,-89,c2_s2
-79,-70,-91,c2_s2
-79,-71,-89,c2_s2
-79,-71,-87,c2_s2
-79,-70,-90,c2_s2
-79,-70,-87,c2_s2
-79,-70,-89,c2_s2
-79,-71,-90,c2_s2
-79,-70,-88,c2_s2
-79,-70,-90,c2_s2
-85,-68,-82,c2_s2
-83,-68,-82,c2_s2
-85,-68,-80,c2_s2
-84,-68,-82,c2_s2
-85,-68,-81,c2_s2
-84,-68,-81,c2_s2
-84,-68,-81,c2_s2
-84,-68,-81,c2_s2
-84,-68,-81,c2_s2
-85,-68,-82,c2_s2
-85,-68,-81,c2_s2
-83,-68,-81,c2_s2
-84,-68,-82,c2_s2
-86,-68,-81,c2_s2
-84,-68,-82,c2_s2
-83,-68,-82,c2_s2
-84,-68,-82,c2_s2
-84,-68,-81,c2_s2
-83,-68,-82,c2_s2
-83,-68,-81,c2_s2
-85,-68,-82,c2_s2
-83,-68,-82,c2_s2
-85,-68,-82,c2_s2
-85,-68,-82,c2_s2
-85,-68,-82,c2_s2
-84,-68,-81,c2_s2
-84,-68,-81,c2_s2
-85,-68,-81,c2_s2
-84,-68,-82,c2_s2
-83,-68,-81,c2_s2
-84,-68,-82,c2_s2
-84,-68,-82,c2_s2
-84,-68,-81,c2_s2
-84,-68,-82,c2_s2
-84,-68,-82,c2_s2
-85,-68,-82,c2_s2
-85,-68,-81,c2_s2
-84,-68,-81,c2_s2
-84,-68,-82,c2_s2
-84,-68,-81,c2_s2
-84,-68,-82,c2_s2
-85,-68,-82,c2_s2
-86,-68,-82,c2_s2
-84,-68,-82,c2_s2
-84,-68,-82,c2_s2
-84,-68,-81,c2_s2
-85,-68,-81,c2_s2
-84,-68,-82,c2_s2
-83,-68,-82,c2_s2
-85,-68,-83,c2_s2
-85,-68,-82,c2_s2
-85,-68,-81,c2_s2
-85,-68,-82,c2_s2
-84,-68,-82,c2_s2
-85,-68,-81,c2_s2
-84,-68,-81,c2_s2
-84,-68,-82,c2_s2
-83,-68,-83,c2_s2
-84,-68,-81,c2_s2
-85,-68,-81,c2_s2
-85,-68,-83,c2_s2
-84,-68,-82,c2_s2
-84,-68,-81,c2_s2
-84,-68,-82,c2_s2
-84,-68,-82,c2_s2
-84,-68,-81,c2_s2
-84,-68,-82,c2_s2
-84,-68,-81,c2_s2
-85,-68,-81,c2_s2
-85,-68,-82,c2_s2
-85,-68,-81,c2_s2
-83,-68,-82,c2_s2
-83,-68,-80,c2_s2
-84,-68,-81,c2_s2
-84,-68,-82,c2_s2
-84,-68,-82,c2_s2
-85,-68,-81,c2_s2
-84,-68,-81,c2_s2
-84,-68,-81,c2_s2
-83,-68,-82,c2_s2
-85,-68,-81,c2_s2
-84,-68,-81,c2_s2
-85,-68,-82,c2_s2
-85,-68,-81,c2_s2
-84,-68,-82,c2_s2
-83,-68,-82,c2_s2
-83,-68,-81,c2_s2
-84,-68,-81,c2_s2
-85,-68,-82,c2_s2
-85,-68,-81,c2_s2
-85,-68,-82,c2_s2
-85,-68,-82,c2_s2
-85,-68,-81,c2_s2
-84,-68,-82,c2_s2
-84,-68,-82,c2_s2
-84,-68,-82,c2_s2
-84,-68,-82,c2_s2
-84,-68,-82,c2_s2
-85,-68,-82,c2_s2
-84,-68,-81,c2_s2
-77,-83,-70,c2_s3
-77,-79,-70,c2_s3
-77,-79,-70,c2_s3
-77,-82,-70,c2_s3
-77,-83,-70,c2_s3
-77,-82,-70,c2_s3
-78,-78,-70,c2_s3
-77,-79,-70,c2_s3
-77,-79,-70,c2_s3
-78,-83,-70,c2_s3
-77,-78,-70,c2_s3
-76,-77,-70,c2_s3
-77,-78,-70,c2_s3
-77,-81,-70,c2_s3
-78,-82,-70,c2_s3
-77,-83,-70,c2_s3
-77,-79,-70,c2_s3
-77,-82,-70,c2_s3
-76,-79,-70,c2_s3
-77,-83,-70,c2_s3
-77,-78,-70,c2_s3
-77,-78,-70,c2_s3
-76,-78,-70,c2_s3
-77,-82,-70,c2_s3
-77,-78,-70,c2_s3
-77,-82,-70,c2_s3
-77,-82,-70,c2_s3
-76,-79,-70,c2_s3
-77,-82,-70,c2_s3
-77,-79,-70,c2_s3
-77,-82,-70,c2_s3
-77,-81,-70,c2_s3
-76,-79,-70,c2_s3
-77,-78,-70,c2_s3
-77,-79,-70,c2_s3
-76,-78,-70,c2_s3
-76,-82,-70,c2_s3
-76,-81,-70,c2_s3
-76,-78,-70,c2_s3
-76,-81,-70,c2_s3
-77,-82,-70,c2_s3
-76,-81,-70,c2_s3
-76,-78,-70,c2_s3
-76,-80,-70,c2_s3
-77,-78,-70,c2_s3
-77,-78,-70,c2_s3
-77,-81,-70,c2_s3
-76,-79,-70,c2_s3
-76,-79,-70,c2_s3
-76,-81,-70,c2_s3
-76,-78,-70,c2_s3
-76,-82,-70,c2_s3
-76,-77,-70,c2_s3
-77,-78,-70,c2_s3
-76,-82,-70,c2_s3
-77,-81,-70,c2_s3
-76,-81,-70,c2_s3
-77,-78,-70,c2_s3
-76,-78,-70,c2_s3
-76,-81,-70,c2_s3
-76,-78,-70,c2_s3
-76,-82,-70,c2_s3
-76,-77,-70,c2_s3
-77,-79,-70,c2_s3
-77,-82,-70,c2_s3
-77,-78,-70,c2_s3
-77,-82,-70,c2_s3
-77,-81,-70,c2_s3
-77,-82,-70,c2_s3
-77,-78,-70,c2_s3
-77,-78,-70,c2_s3
-77,-82,-70,c2_s3
-77,-83,-70,c2_s3
-77,-78,-70,c2_s3
-77,-83,-70,c2_s3
-78,-79,-70,c2_s3
-77,-83,-70,c2_s3
-77,-82,-70,c2_s3
-77,-83,-70,c2_s3
-77,-78,-70,c2_s3
-77,-79,-70,c2_s3
-77,-83,-70,c2_s3
-78,-79,-70,c2_s3
-77,-83,-70,c2_s3
-77,-83,-70,c2_s3
-77,-82,-70,c2_s3
-78,-78,-70,c2_s3
-77,-82,-70,c2_s3
-77,-83,-70,c2_s3
-78,-78,-70,c2_s3
-77,-82,-70,c2_s3
-77,-78,-70,c2_s3
-77,-82,-70,c2_s3
-77,-78,-70,c2_s3
-78,-78,-70,c2_s3
-77,-83,-70,c2_s3
-76,-83,-70,c2_s3
-77,-79,-70,c2_s3
-76,-82,-70,c2_s3
-77,-83,-70,c2_s3
-84,-73,-83,c2_s3
-84,-73,-84,c2_s3
-82,-73,-84,c2_s3
-84,-73,-83,c2_s3
-83,-73,-84,c2_s3
-84,-73,-83,c2_s3
-83,-74,-84,c2_s3
-83,-74,-84,c2_s3
-84,-74,-84,c2_s3
-84,-73,-83,c2_s3
-83,-74,-83,c2_s3
-83,-73,-85,c2_s3
-83,-74,-84,c2_s3
-83,-73,-84,c2_s3
-83,-74,-85,c2_s3
-84,-73,-84,c2_s3
-82,-74,-83,c2_s3
-84,-73,-82,c2_s3
-82,-74,-84,c2_s3
-83,-74,-84,c2_s3
-83,-73,-83,c2_s3
-83,-74,-83,c2_s3
-83,-73,-82,c2_s3
-83,-74,-84,c2_s3
-83,-73,-84,c2_s3
-84,-74,-83,c2_s3
-83,-73,-83,c2_s3
-84,-74,-83,c2_s3
-83,-73,-85,c2_s3
-83,-73,-84,c2_s3
-83,-73,-82,c2_s3
-83,-73,-84,c2_s3
-82,-73,-85,c2_s3
-84,-74,-83,c2_s3
-83,-73,-85,c2_s3
-83,-73,-83,c2_s3
-84,-73,-82,c2_s3
-83,-73,-83,c2_s3
-83,-73,-83,c2_s3
-82,-73,-82,c2_s3
-83,-73,-84,c2_s3
-84,-73,-83,c2_s3
-83,-73,-83,c2_s3
-82,-73,-84,c2_s3
-83,-74,-83,c2_s3
-82,-73,-82,c2_s3
-83,-74,-84,c2_s3
-83,-73,-83,c2_s3
-83,-73,-83,c2_s3
-84,-73,-84,c2_s3
-83,-73,-84,c2_s3
-84,-73,-83,c2_s3
-83,-74,-84,c2_s3
-83,-73,-83,c2_s3
-83,-73,-83,c2_s3
-83,-73,-83,c2_s3
-84,-73,-83,c2_s3
-84,-73,-84,c2_s3
-82,-73,-84,c2_s3
-83,-73,-83,c2_s3
-84,-74,-84,c2_s3
-83,-74,-83,c2_s3
-83,-73,-84,c2_s3
-83,-73,-84,c2_s3
-82,-74,-84,c2_s3
-82,-74,-84,c2_s3
-83,-73,-83,c2_s3
-83,-73,-83,c2_s3
-83,-73,-82,c2_s3
-83,-74,-84,c2_s3
-82,-73,-83,c2_s3
-82,-73,-83,c2_s3
-83,-74,-85,c2_s3
-83,-74,-84,c2_s3
-82,-73,-84,c2_s3
-83,-74,-84,c2_s3
-83,-73,-84,c2_s3
-83,-73,-84,c2_s3
-83,-73,-83,c2_s3
-83,-73,-85,c2_s3
-83,-73,-84,c2_s3
-83,-73,-83,c2_s3
-83,-74,-85,c2_s3
-82,-73,-84,c2_s3
-83,-73,-83,c2_s3
-82,-73,-84,c2_s3
-82,-73,-83,c2_s3
-82,-74,-83,c2_s3
-82,-73,-84,c2_s3
-82,-74,-84,c2_s3
-83,-73,-84,c2_s3
-83,-73,-84,c2_s3
-83,-74,-84,c2_s3
-82,-73,-85,c2_s3
-82,-73,-82,c2_s3
-82,-73,-85,c2_s3
-82,-73,-84,c2_s3
-81,-74,-84,c2_s3
-82,-73,-84,c2_s3
-82,-74,-85,c2_s3
-85,-76,-80,c2_s3
-85,-76,-81,c2_s3
-85,-76,-81,c2_s3
-84,-76,-80,c2_s3
-85,-76,-79,c2_s3
-84,-76,-82,c2_s3
-85,-76,-82,c2_s3
-85,-76,-81,c2_s3
-84,-76,-81,c2_s3
-85,-76,-81,c2_s3
-86,-76,-81,c2_s3
-83,-76,-82,c2_s3
-85,-76,-82,c2_s3
-84,-76,-80,c2_s3
-85,-76,-81,c2_s3
-85,-76,-80,c2_s3
-83,-76,-82,c2_s3
-85,-76,-81,c2_s3
-84,-76,-81,c2_s3
-84,-76,-81,c2_s3
-85,-76,-82,c2_s3
-84,-76,-81,c2_s3
-86,-76,-82,c2_s3
-84,-76,-81,c2_s3
-85,-76,-81,c2_s3
-85,-76,-81,c2_s3
-84,-76,-82,c2_s3
-85,-76,-81,c2_s3
-85,-76,-82,c2_s3
-84,-76,-81,c2_s3
-85,-76,-81,c2_s3
-84,-76,-79,c2_s3
-85,-76,-81,c2_s3
-85,-76,-80,c2_s3
-86,-76,-81,c2_s3
-85,-76,-81,c2_s3
-84,-76,-82,c2_s3
-85,-76,-81,c2_s3
-83,-76,-82,c2_s3
-85,-76,-80,c2_s3
-85,-76,-81,c2_s3
-84,-76,-80,c2_s3
-84,-76,-80,c2_s3
-84,-76,-82,c2_s3
-84,-76,-81,c2_s3
-84,-76,-81,c2_s3
-84,-76,-81,c2_s3
-85,-76,-82,c2_s3
-85,-76,-82,c2_s3
-84,-76,-79,c2_s3
-85,-76,-80,c2_s3
-84,-76,-80,c2_s3
-84,-76,-81,c2_s3
-85,-76,-80,c2_s3
-83,-76,-81,c2_s3
-85,-76,-80,c2_s3
-84,-76,-81,c2_s3
-86,-76,-81,c2_s3
-85,-76,-81,c2_s3
-85,-76,-81,c2_s3
-85,-76,-80,c2_s3
-84,-76,-80,c2_s3
-85,-76,-80,c2_s3
-83,-76,-80,c2_s3
-84,-76,-81,c2_s3
-86,-76,-80,c2_s3
-85,-76,-81,c2_s3
-85,-76,-80,c2_s3
-84,-76,-79,c2_s3
-86,-76,-80,c2_s3
-85,-76,-80,c2_s3
-85,-76,-81,c2_s3
-85,-76,-82,c2_s3
-84,-76,-80,c2_s3
-85,-76,-81,c2_s3
-85,-76,-80,c2_s3
-85,-76,-80,c2_s3
-85,-76,-81,c2_s3
-84,-76,-80,c2_s3
-85,-76,-79,c2_s3
-85,-76,-81,c2_s3
-84,-76,-80,c2_s3
-84,-76,-80,c2_s3
-85,-76,-80,c2_s3
-85,-76,-81,c2_s3
-86,-76,-80,c2_s3
-85,-76,-81,c2_s3
-85,-76,-79,c2_s3
-83,-76,-80,c2_s3
-85,-76,-80,c2_s3
-86,-76,-81,c2_s3
-85,-76,-81,c2_s3
-85,-76,-81,c2_s3
-85,-76,-79,c2_s3
-86,-76,-81,c2_s3
-85,-76,-81,c2_s3
-85,-76,-79,c2_s3
-86,-76,-81,c2_s3
-86,-76,-81,c2_s3
-85,-76,-80,c2_s3
-85,-66,-85,c2_s3
-85,-66,-88,c2_s3
-85,-66,-87,c2_s3
-85,-66,-85,c2_s3
-84,-66,-88,c2_s3
-86,-66,-87,c2_s3
-84,-66,-86,c2_s3
-84,-66,-87,c2_s3
-84,-66,-86,c2_s3
-85,-66,-88,c2_s3
-84,-66,-88,c2_s3
-85,-66,-88,c2_s3
-86,-66,-88,c2_s3
-85,-66,-87,c2_s3
-85,-66,-88,c2_s3
-85,-66,-88,c2_s3
-85,-66,-88,c2_s3
-85,-66,-88,c2_s3
-86,-66,-88,c2_s3
-84,-66,-87,c2_s3
-86,-66,-85,c2_s3
-85,-66,-87,c2_s3
-85,-66,-86,c2_s3
-84,-66,-85,c2_s3
-84,-66,-88,c2_s3
-84,-66,-86,c2_s3
-83,-66,-86,c2_s3
-84,-66,-86,c2_s3
-84,-66,-88,c2_s3
-85,-66,-85,c2_s3
-83,-66,-87,c2_s3
-85,-66,-86,c2_s3
-85,-66,-86,c2_s3
-84,-66,-87,c2_s3
-85,-66,-87,c2_s3
-84,-66,-88,c2_s3
-83,-66,-87,c2_s3
-84,-66,-91,c2_s3
-83,-66,-89,c2_s3
-84,-66,-86,c2_s3
-85,-66,-86,c2_s3
-84,-66,-89,c2_s3
-84,-66,-87,c2_s3
-83,-66,-86,c2_s3
-84,-66,-90,c2_s3
-84,-66,-89,c2_s3
-84,-66,-85,c2_s3
-85,-66,-87,c2_s3
-84,-66,-86,c2_s3
-84,-66,-86,c2_s3
-85,-66,-87,c2_s3
-84,-66,-86,c2_s3
-85,-66,-86,c2_s3
-84,-66,-87,c2_s3
-85,-66,-86,c2_s3
-85,-66,-86,c2_s3
-85,-66,-88,c2_s3
-84,-66,-85,c2_s3
-85,-66,-87,c2_s3
-85,-66,-86,c2_s3
-85,-66,-86,c2_s3
-85,-66,-87,c2_s3
-84,-66,-86,c2_s3
-85,-66,-86,c2_s3
-85,-66,-87,c2_s3
-84,-66,-85,c2_s3
-86,-66,-87,c2_s3
-84,-66,-89,c2_s3
-85,-66,-87,c2_s3
-86,-66,-86,c2_s3
-84,-66,-87,c2_s3
-84,-66,-88,c2_s3
-86,-66,-88,c2_s3
-85,-66,-86,c2_s3
-84,-66,-87,c2_s3
-84,-66,-86,c2_s3
-84,-66,-91,c2_s3
-84,-66,-86,c2_s3
-85,-66,-87,c2_s3
-84,-66,-87,c2_s3
-84,-66,-87,c2_s3
-84,-66,-88,c2_s3
-85,-66,-87,c2_s3
-84,-66,-86,c2_s3
-83,-66,-88,c2_s3
-84,-66,-88,c2_s3
-85,-66,-86,c2_s3
-85,-66,-86,c2_s3
-84,-66,-87,c2_s3
-83,-66,-87,c2_s3
-85,-66,-86,c2_s3
-84,-66,-88,c2_s3
-85,-66,-86,c2_s3
-85,-66,-85,c2_s3
-85,-66,-86,c2_s3
-85,-66,-88,c2_s3
-85,-66,-86,c2_s3
-84,-66,-87,c2_s3
-83,-66,-87,c2_s3
-86,-66,-85,c2_s3
-81,-88,-72,c2_s3
-80,-90,-72,c2_s3
-80,-88,-73,c2_s3
-80,-88,-73,c2_s3
-81,-89,-72,c2_s3
-81,-88,-72,c2_s3
-80,-87,-71,c2_s3
-80,-88,-72,c2_s3
-81,-88,-73,c2_s3
-81,-90,-73,c2_s3
-80,-87,-72,c2_s3
-80,-87,-72,c2_s3
-80,-88,-73,c2_s3
-80,-88,-73,c2_s3
-81,-87,-73,c2_s3
-82,-87,-73,c2_s3
-81,-87,-73,c2_s3
-81,-89,-72,c2_s3
-81,-87,-72,c2_s3
-81,-88,-72,c2_s3
-81,-91,-72,c2_s3
-81,-85,-72,c2_s3
-81,-86,-72,c2_s3
-81,-86,-72,c2_s3
-81,-86,-72,c2_s3
-80,-86,-72,c2_s3
-81,-86,-72,c2_s3
-81,-85,-72,c2_s3
-81,-87,-72,c2_s3
-80,-88,-72,c2_s3
-80,-87,-72,c2_s3
-81,-87,-72,c2_s3
-81,-88,-72,c2_s3
-81,-88,-72,c2_s3
-81,-88,-72,c2_s3
-81,-87,-72,c2_s3
-81,-86,-73,c2_s3
-81,-88,-72,c2_s3
-82,-90,-72,c2_s3
-81,-89,-72,c2_s3
-80,-89,-72,c2_s3
-80,-87,-72,c2_s3
-81,-87,-72,c2_s3
-81,-88,-72,c2_s3
-81,-88,-72,c2_s3
-80,-89,-73,c2_s3
-81,-89,-72,c2_s3
-81,-88,-72,c2_s3
-80,-88,-72,c2_s3
-81,-91,-73,c2_s3
-80,-91,-72,c2_s3
-81,-91,-72,c2_s3
-80,-91,-72,c2_s3
-81,-85,-72,c2_s3
-82,-86,-73,c2_s3
-81,-85,-72,c2_s3
-81,-87,-72,c2_s3
-82,-86,-73,c2_s3
-81,-87,-72,c2_s3
-81,-87,-73,c2_s3
-81,-86,-72,c2_s3
-81,-87,-73,c2_s3
-80,-88,-73,c2_s3
-81,-89,-73,c2_s3
-81,-89,-72,c2_s3
-81,-87,-72,c2_s3
-80,-87,-72,c2_s3
-81,-88,-72,c2_s3
-80,-92,-72,c2_s3
-81,-89,-72,c2_s3
-81,-87,-72,c2_s3
-80,-89,-72,c2_s3
-81,-87,-72,c2_s3
-80,-88,-72,c2_s3
-81,-89,-72,c2_s3
-82,-88,-72,c2_s3
-81,-92,-72,c2_s3
-80,-88,-71,c2_s3
-81,-90,-72,c2_s3
-80,-87,-72,c2_s3
-81,-88,-73,c2_s3
-81,-88,-73,c2_s3
-80,-86,-72,c2_s3
-81,-87,-73,c2_s3
-81,-87,-72,c2_s3
-82,-87,-72,c2_s3
-81,-89,-72,c2_s3
-82,-87,-72,c2_s3
-80,-90,-72,c2_s3
-80,-88,-73,c2_s3
-80,-91,-72,c2_s3
-80,-91,-73,c2_s3
-81,-90,-73,c2_s3
-81,-90,-73,c2_s3
-81,-88,-73,c2_s3
-81,-86,-73,c2_s3
-81,-88,-73,c2_s3
-81,-89,-72,c2_s3
-80,-86,-73,c2_s3
-81,-87,-72,c2_s3
-87,-86,-70,c2_s3
-89,-86,-70,c2_s3
-88,-88,-70,c2_s3
-86,-86,-70,c2_s3
-86,-85,-70,c2_s3
-87,-85,-70,c2_s3
-87,-87,-70,c2_s3
-86,-84,-70,c2_s3
-87,-86,-70,c2_s3
-87,-84,-70,c2_s3
-87,-87,-70,c2_s3
-86,-85,-70,c2_s3
-87,-85,-70,c2_s3
-87,-85,-70,c2_s3
-88,-86,-70,c2_s3
-86,-86,-70,c2_s3
-87,-85,-70,c2_s3
-87,-87,-70,c2_s3
-86,-86,-70,c2_s3
-85,-86,-70,c2_s3
-86,-84,-70,c2_s3
-87,-86,-70,c2_s3
-88,-85,-70,c2_s3
-87,-87,-70,c2_s3
-87,-85,-70,c2_s3
-88,-86,-70,c2_s3
-86,-87,-70,c2_s3
-87,-86,-70,c2_s3
-87,-86,-70,c2_s3
-88,-87,-70,c2_s3
-87,-88,-70,c2_s3
-87,-88,-70,c2_s3
-87,-86,-70,c2_s3
-87,-86,-70,c2_s3
-85,-85,-70,c2_s3
-85,-85,-70,c2_s3
-85,-86,-70,c2_s3
-87,-86,-70,c2_s3
-87,-85,-70,c2_s3
-85,-86,-70,c2_s3
-86,-86,-70,c2_s3
-87,-85,-70,c2_s3
-87,-86,-70,c2_s3
-87,-86,-70,c2_s3
-86,-86,-70,c2_s3
-88,-87,-70,c2_s3
-86,-86,-70,c2_s3
-87,-87,-70,c2_s3
-87,-87,-70,c2_s3
-86,-86,-70,c2_s3
-85,-85,-70,c2_s3
-87,-86,-70,c2_s3
-88,-84,-70,c2_s3
-88,-84,-70,c2_s3
-87,-87,-70,c2_s3
-88,-87,-70,c2_s3
-86,-86,-70,c2_s3
-87,-89,-70,c2_s3
-87,-87,-70,c2_s3
-89,-87,-70,c2_s3
-87,-86,-70,c2_s3
-88,-85,-70,c2_s3
-87,-85,-70,c2_s3
-88,-86,-70,c2_s3
-88,-87,-70,c2_s3
-86,-85,-70,c2_s3
-86,-86,-70,c2_s3
-87,-86,-70,c2_s3
-88,-87,-70,c2_s3
-86,-86,-70,c2_s3
-89,-87,-70,c2_s3
-89,-87,-70,c2_s3
-87,-87,-70,c2_s3
-86,-87,-70,c2_s3
-88,-87,-70,c2_s3
-87,-86,-70,c2_s3
-87,-86,-70,c2_s3
-86,-86,-70,c2_s3
-86,-87,-70,c2_s3
-88,-87,-70,c2_s3
-86,-85,-70,c2_s3
-87,-88,-70,c2_s3
-86,-88,-70,c2_s3
-88,-88,-70,c2_s3
-87,-87,-70,c2_s3
-87,-86,-70,c2_s3
-87,-86,-70,c2_s3
-87,-85,-70,c2_s3
-87,-87,-70,c2_s3
-88,-86,-70,c2_s3
-87,-85,-70,c2_s3
-86,-86,-70,c2_s3
-87,-87,-70,c2_s3
-87,-86,-70,c2_s3
-87,-86,-70,c2_s3
-86,-85,-70,c2_s3
-88,-86,-70,c2_s3
-86,-85,-70,c2_s3
-88,-85,-70,c2_s3
-88,-86,-70,c2_s3
-85,-80,-78,c2_s4
-85,-81,-79,c2_s4
-85,-80,-78,c2_s4
-87,-82,-77,c2_s4
-85,-82,-79,c2_s4
-85,-82,-78,c2_s4
-85,-79,-80,c2_s4
-85,-79,-79,c2_s4
-85,-79,-79,c2_s4
-85,-79,-78,c2_s4
-85,-79,-79,c2_s4
-87,-82,-78,c2_s4
-85,-80,-79,c2_s4
-84,-80,-79,c2_s4
-86,-79,-79,c2_s4
-86,-78,-79,c2_s4
-85,-79,-79,c2_s4
-87,-82,-80,c2_s4
-85,-78,-78,c2_s4
-86,-79,-79,c2_s4
-85,-82,-79,c2_s4
-85,-80,-77,c2_s4
-85,-79,-78,c2_s4
-85,-82,-79,c2_s4
-85,-82,-79,c2_s4
-84,-80,-78,c2_s4
-85,-80,-79,c2_s4
-85,-79,-78,c2_s4
-85,-78,-79,c2_s4
-85,-79,-78,c2_s4
-87,-79,-80,c2_s4
-85,-83,-79,c2_s4
-85,-79,-78,c2_s4
-84,-82,-79,c2_s4
-85,-79,-78,c2_s4
-87,-81,-79,c2_s4
-86,-79,-79,c2_s4
-85,-79,-80,c2_s4
-85,-84,-78,c2_s4
-85,-80,-79,c2_s4
-85,-79,-79,c2_s4
-86,-80,-80,c2_s4
-86,-80,-79,c2_s4
-85,-79,-80,c2_s4
-85,-79,-78,c2_s4
-86,-79,-79,c2_s4
-84,-79,-80,c2_s4
-85,-80,-78,c2_s4
-85,-80,-78,c2_s4
-84,-79,-79,c2_s4
-85,-79,-80,c2_s4
-85,-82,-79,c2_s4
-85,-82,-78,c2_s4
-85,-81,-79,c2_s4
-85,-81,-79,c2_s4
-85,-80,-79,c2_s4
-85,-79,-78,c2_s4
-86,-79,-78,c2_s4
-86,-79,-78,c2_s4
-85,-81,-80,c2_s4
-86,-80,-78,c2_s4
-85,-81,-79,c2_s4
-85,-80,-80,c2_s4
-85,-82,-80,c2_s4
-85,-80,-79,c2_s4
-85,-79,-79,c2_s4
-84,-79,-78,c2_s4
-85,-79,-78,c2_s4
-85,-80,-80,c2_s4
-85,-80,-78,c2_s4
-85,-80,-80,c2_s4
-85,-82,-79,c2_s4
-85,-79,-79,c2_s4
-86,-81,-79,c2_s4
-84,-82,-79,c2_s4
-84,-81,-80,c2_s4
-86,-80,-78,c2_s4
-85,-78,-77,c2_s4
-86,-81,-77,c2_s4
-85,-79,-79,c2_s4
-85,-79,-79,c2_s4
-85,-81,-79,c2_s4
-85,-81,-77,c2_s4
-85,-79,-78,c2_s4
-85,-81,-80,c2_s4
-85,-79,-80,c2_s4
-85,-81,-80,c2_s4
-86,-81,-78,c2_s4
-85,-79,-79,c2_s4
-85,-80,-78,c2_s4
-86,-79,-79,c2_s4
-85,-81,-79,c2_s4
-85,-80,-80,c2_s4
-85,-80,-79,c2_s4
-87,-79,-77,c2_s4
-86,-80,-77,c2_s4
-85,-81,-77,c2_s4
-85,-81,-79,c2_s4
-84,-79,-79,c2_s4
-84,-79,-77,c2_s4
-89,-79,-87,c2_s4
-89,-79,-87,c2_s4
-89,-77,-87,c2_s4
-89,-79,-87,c2_s4
-89,-83,-87,c2_s4
-89,-78,-89,c2_s4
-89,-81,-87,c2_s4
-89,-77,-87,c2_s4
-89,-78,-87,c2_s4
-89,-78,-88,c2_s4
-89,-79,-86,c2_s4
-89,-78,-87,c2_s4
-89,-78,-87,c2_s4
-89,-78,-88,c2_s4
-89,-78,-87,c2_s4
-89,-79,-87,c2_s4
-89,-80,-87,c2_s4
-89,-77,-87,c2_s4
-89,-78,-86,c2_s4
-89,-80,-87,c2_s4
-89,-81,-89,c2_s4
-89,-77,-88,c2_s4
-89,-77,-89,c2_s4
-89,-81,-87,c2_s4
-89,-81,-87,c2_s4
-89,-80,-87,c2_s4
-89,-78,-88,c2_s4
-89,-80,-89,c2_s4
-89,-78,-87,c2_s4
-89,-79,-86,c2_s4
-89,-78,-87,c2_s4
-89,-79,-87,c2_s4
-89,-81,-87,c2_s4
-89,-79,-88,c2_s4
-89,-79,-88,c2_s4
-89,-79,-87,c2_s4
-89,-80,-87,c2_s4
-89,-78,-87,c2_s4
-89,-80,-86,c2_s4
-89,-81,-86,c2_s4
-89,-78,-87,c2_s4
-89,-78,-87,c2_s4
-89,-80,-87,c2_s4
-89,-80,-87,c2_s4
-89,-80,-87,c2_s4
-89,-78,-87,c2_s4
-89,-82,-87,c2_s4
-89,-82,-87,c2_s4
-89,-80,-87,c2_s4
-89,-79,-87,c2_s4
-89,-79,-87,c2_s4
-89,-80,-87,c2_s4
-89,-78,-87,c2_s4
-89,-78,-87,c2_s4
-89,-79,-87,c2_s4
-89,-78,-86,c2_s4
-89,-78,-87,c2_s4
-89,-80,-87,c2_s4
-89,-78,-87,c2_s4
-89,-79,-87,c2_s4
-89,-78,-87,c2_s4
-89,-79,-87,c2_s4
-89,-79,-87,c2_s4
-89,-78,-87,c2_s4
-89,-78,-87,c2_s4
-89,-77,-87,c2_s4
-89,-77,-87,c2_s4
-89,-78,-87,c2_s4
-89,-82,-87,c2_s4
-89,-77,-86,c2_s4
-89,-78,-87,c2_s4
-89,-80,-87,c2_s4
-89,-80,-87,c2_s4
-89,-81,-89,c2_s4
-89,-77,-87,c2_s4
-89,-77,-87,c2_s4
-89,-77,-87,c2_s4
-89,-80,-87,c2_s4
-89,-77,-87,c2_s4
-89,-79,-88,c2_s4
-89,-77,-87,c2_s4
-89,-77,-89,c2_s4
-89,-78,-87,c2_s4
-89,-78,-88,c2_s4
-89,-77,-87,c2_s4
-89,-77,-88,c2_s4
-89,-81,-87,c2_s4
-89,-80,-88,c2_s4
-89,-78,-86,c2_s4
-89,-78,-89,c2_s4
-89,-81,-89,c2_s4
-89,-79,-86,c2_s4
-89,-78,-86,c2_s4
-89,-79,-87,c2_s4
-89,-77,-88,c2_s4
-89,-77,-87,c2_s4
-89,-80,-87,c2_s4
-89,-81,-86,c2_s4
-89,-78,-87,c2_s4
-89,-78,-86,c2_s4
-75,-90,-65,c2_s4
-75,-90,-66,c2_s4
-76,-87,-65,c2_s4
-76,-88,-66,c2_s4
-75,-89,-66,c2_s4
-75,-89,-65,c2_s4
-75,-88,-65,c2_s4
-76,-90,-66,c2_s4
-76,-89,-65,c2_s4
-76,-90,-66,c2_s4
-76,-89,-65,c2_s4
-76,-89,-65,c2_s4
-75,-90,-65,c2_s4
-77,-89,-66,c2_s4
-76,-91,-65,c2_s4
-76,-88,-65,c2_s4
-75,-90,-66,c2_s4
-75,-90,-66,c2_s4
-75,-90,-65,c2_s4
-75,-90,-65,c2_s4
-76,-89,-65,c2_s4
-76,-91,-65,c2_s4
-76,-90,-65,c2_s4
-76,-87,-66,c2_s4
-76,-90,-65,c2_s4
-76,-91,-65,c2_s4
-75,-90,-66,c2_s4
-76,-91,-65,c2_s4
-75,-89,-66,c2_s4
-76,-89,-66,c2_s4
-76,-89,-66,c2_s4
-76,-89,-66,c2_s4
-76,-88,-65,c2_s4
-76,-90,-65,c2_s4
-76,-90,-66,c2_s4
-75,-88,-65,c2_s4
-75,-89,-65,c2_s4
-76,-89,-65,c2_s4
-75,-88,-65,c2_s4
-76,-90,-65,c2_s4
-76,-89,-65,c2_s4
-76,-90,-65,c2_s4
-76,-91,-65,c2_s4
-75,-90,-65,c2_s4
-76,-89,-65,c2_s4
-76,-90,-65,c2_s4
-76,-91,-65,c2_s4
-76,-90,-66,c2_s4
-75,-91,-65,c2_s4
-76,-91,-65,c2_s4
-76,-90,-65,c2_s4
-75,-89,-66,c2_s4
-76,-90,-65,c2_s4
-76,-90,-66,c2_s4
-75,-90,-66,c2_s4
-75,-88,-65,c2_s4
-75,-89,-65,c2_s4
-76,-89,-65,c2_s4
-76,-89,-65,c2_s4
-76,-90,-66,c2_s4
-75,-89,-66,c2_s4
-77,-90,-66,c2_s4
-75,-90,-66,c2_s4
-76,-89,-65,c2_s4
-75,-91,-65,c2_s4
-75,-88,-65,c2_s4
-76,-88,-65,c2_s4
-76,-88,-66,c2_s4
-76,-90,-66,c2_s4
-76,-88,-65,c2_s4
-76,-89,-66,c2_s4
-75,-89,-65,c2_s4
-75,-89,-66,c2_s4
-75,-90,-65,c2_s4
-76,-88,-65,c2_s4
-75,-90,-65,c2_s4
-75,-90,-66,c2_s4
-76,-88,-65,c2_s4
-76,-90,-66,c2_s4
-75,-90,-65,c2_s4
-76,-91,-66,c2_s4
-76,-89,-65,c2_s4
-76,-89,-65,c2_s4
-76,-88,-65,c2_s4
-76,-88,-65,c2_s4
-76,-88,-65,c2_s4
-76,-90,-65,c2_s4
-76,-89,-65,c2_s4
-76,-88,-66,c2_s4
-76,-88,-65,c2_s4
-75,-90,-65,c2_s4
-75,-88,-66,c2_s4
-76,-91,-66,c2_s4
-76,-88,-65,c2_s4
-76,-89,-65,c2_s4
-76,-89,-65,c2_s4
-76,-88,-65,c2_s4
-75,-88,-66,c2_s4
-76,-90,-66,c2_s4
-76,-89,-65,c2_s4
-84,-80,-67,c2_s4
-84,-80,-67,c2_s4
-84,-81,-67,c2_s4
-85,-79,-67,c2_s4
-84,-80,-67,c2_s4
-84,-80,-67,c2_s4
-83,-80,-67,c2_s4
-84,-80,-67,c2_s4
-84,-80,-67,c2_s4
-85,-79,-67,c2_s4
-86,-80,-67,c2_s4
-83,-80,-67,c2_s4
-83,-80,-67,c2_s4
-85,-80,-67,c2_s4
-84,-81,-67,c2_s4
-84,-80,-67,c2_s4
-84,-80,-67,c2_s4
-84,-79,-67,c2_s4
-84,-80,-67,c2_s4
-83,-79,-67,c2_s4
-83,-79,-67,c2_s4
-86,-80,-67,c2_s4
-84,-80,-67,c2_s4
-84,-81,-67,c2_s4
-84,-79,-67,c2_s4
-83,-80,-67,c2_s4
-84,-81,-67,c2_s4
-83,-80,-67,c2_s4
-84,-79,-67,c2_s4
-85,-80,-67,c2_s4
-84,-80,-67,c2_s4
-85,-80,-67,c2_s4
-84,-80,-67,c2_s4
-85,-80,-67,c2_s4
-83,-80,-67,c2_s4
-83,-81,-67,c2_s4
-84,-79,-67,c2_s4
-83,-80,-67,c2_s4
-84,-80,-67,c2_s4
-84,-80,-67,c2_s4
-84,-80,-67,c2_s4
-84,-80,-67,c2_s4
-85,-80,-67,c2_s4
-84,-81,-67,c2_s4
-84,-80,-67,c2_s4
-85,-80,-67,c2_s4
-85,-80,-67,c2_s4
-84,-80,-67,c2_s4
-85,-80,-67,c2_s4
-84,-80,-67,c2_s4
-85,-80,-67,c2_s4
-84,-80,-67,c2_s4
-84,-80,-67,c2_s4
-85,-80,-67,c2_s4
-84,-80,-67,c2_s4
-84,-80,-67,c2_s4
-86,-79,-67,c2_s4
-85,-80,-67,c2_s4
-85,-79,-67,c2_s4
-85,-79,-67,c2_s4
-84,-80,-67,c2_s4
-83,-79,-67,c2_s4
-84,-80,-67,c2_s4
-84,-80,-67,c2_s4
-85,-79,-67,c2_s4
-84,-81,-67,c2_s4
-84,-80,-67,c2_s4
-85,-80,-67,c2_s4
-85,-79,-67,c2_s4
-84,-79,-67,c2_s4
-84,-79,-67,c2_s4
-84,-80,-67,c2_s4
-84,-80,-67,c2_s4
-83,-80,-67,c2_s4
-85,-79,-67,c2_s4
-84,-80,-67,c2_s4
-83,-80,-67,c2_s4
-85,-80,-67,c2_s4
-84,-80,-67,c2_s4
-84,-80,-67,c2_s4
-84,-80,-67,c2_s4
-84,-79,-67,c2_s4
-85,-80,-67,c2_s4
-84,-79,-67,c2_s4
-84,-80,-67,c2_s4
-84,-79,-67,c2_s4
-85,-79,-67,c2_s4
-83,-79,-67,c2_s4
-84,-79,-67,c2_s4
-84,-79,-67,c2_s4
-83,-81,-67,c2_s4
-84,-79,-67,c2_s4
-83,-80,-67,c2_s4
-85,-81,-67,c2_s4
-85,-79,-67,c2_s4
-84,-80,-67,c2_s4
-85,-80,-67,c2_s4
-85,-80,-67,c2_s4
-84,-80,-67,c2_s4
-86,-79,-67,c2_s4
-89,-82,-77,c2_s4
-88,-81,-75,c2_s4
-91,-82,-77,c2_s4
-88,-82,-77,c2_s4
-88,-81,-77,c2_s4
-88,-81,-76,c2_s4
-88,-81,-76,c2_s4
-89,-82,-77,c2_s4
-88,-81,-77,c2_s4
-91,-81,-76,c2_s4
-88,-82,-76,c2_s4
-89,-82,-77,c2_s4
-88,-81,-76,c2_s4
-90,-81,-76,c2_s4
-90,-80,-77,c2_s4
-90,-82,-76,c2_s4
-89,-81,-77,c2_s4
-90,-81,-77,c2_s4
-88,-80,-77,c2_s4
-86,-81,-77,c2_s4
-88,-82,-76,c2_s4
-90,-81,-77,c2_s4
-88,-82,-77,c2_s4
-88,-82,-77,c2_s4
-87,-81,-77,c2_s4
-88,-80,-77,c2_s4
-86,-82,-77,c2_s4
-89,-81,-76,c2_s4
-89,-80,-77,c2_s4
-88,-81,-77,c2_s4
-89,-82,-76,c2_s4
-91,-83,-77,c2_s4
-88,-82,-77,c2_s4
-89,-81,-77,c2_s4
-88,-81,-77,c2_s4
-91,-81,-77,c2_s4
-88,-81,-77,c2_s4
-89,-82,-77,c2_s4
-89,-81,-77,c2_s4
-89,-82,-77,c2_s4
-88,-81,-77,c2_s4
-89,-82,-76,c2_s4
-90,-83,-77,c2_s4
-88,-81,-77,c2_s4
-88,-81,-77,c2_s4
-88,-82,-78,c2_s4
-88,-82,-77,c2_s4
-88,-82,-77,c2_s4
-90,-82,-77,c2_s4
-89,-82,-77,c2_s4
-88,-82,-77,c2_s4
-87,-82,-77,c2_s4
-87,-82,-76,c2_s4
-88,-82,-77,c2_s4
-88,-81,-78,c2_s4
-87,-81,-75,c2_s4
-89,-82,-77,c2_s4
-91,-83,-78,c2_s4
-88,-82,-77,c2_s4
-88,-82,-77,c2_s4
-88,-81,-77,c2_s4
-89,-82,-78,c2_s4
-88,-83,-76,c2_s4
-89,-81,-77,c2_s4
-90,-81,-77,c2_s4
-89,-81,-76,c2_s4
-88,-82,-77,c2_s4
-89,-82,-76,c2_s4
-91,-80,-76,c2_s4
-89,-82,-78,c2_s4
-89,-82,-75,c2_s4
-89,-81,-77,c2_s4
-87,-82,-77,c2_s4
-87,-82,-76,c2_s4
-91,-82,-77,c2_s4
-88,-82,-76,c2_s4
-89,-82,-76,c2_s4
-88,-81,-77,c2_s4
-88,-81,-76,c2_s4
-88,-82,-77,c2_s4
-87,-81,-77,c2_s4
-88,-81,-77,c2_s4
-90,-81,-77,c2_s4
-90,-82,-77,c2_s4
-87,-82,-75,c2_s4
-88,-81,-77,c2_s4
-88,-81,-76,c2_s4
-90,-82,-75,c2_s4
-90,-82,-77,c2_s4
-88,-82,-77,c2_s4
-90,-81,-76,c2_s4
-90,-83,-77,c2_s4
-89,-82,-77,c2_s4
-89,-81,-76,c2_s4
-90,-81,-77,c2_s4
-88,-80,-77,c2_s4
-88,-83,-77,c2_s4
-88,-82,-76,c2_s4
-89,-82,-77,c2_s4
-88,-83,-77,c2_s4
-83,-75,-79,c2_s4
-83,-75,-80,c2_s4
-83,-77,-80,c2_s4
-83,-75,-79,c2_s4
-83,-75,-81,c2_s4
-82,-75,-78,c2_s4
-82,-75,-79,c2_s4
-82,-75,-79,c2_s4
-83,-76,-79,c2_s4
-83,-75,-79,c2_s4
-82,-76,-80,c2_s4
-83,-76,-80,c2_s4
-83,-75,-78,c2_s4
-82,-76,-80,c2_s4
-84,-76,-79,c2_s4
-82,-76,-80,c2_s4
-83,-76,-79,c2_s4
-82,-76,-80,c2_s4
-83,-75,-80,c2_s4
-83,-76,-78,c2_s4
-83,-76,-80,c2_s4
-83,-76,-80,c2_s4
-82,-75,-79,c2_s4
-83,-76,-80,c2_s4
-83,-76,-78,c2_s4
-82,-76,-78,c2_s4
-84,-75,-78,c2_s4
-84,-75,-78,c2_s4
-83,-75,-78,c2_s4
-84,-75,-79,c2_s4
-84,-76,-81,c2_s4
-83,-75,-81,c2_s4
-83,-74,-79,c2_s4
-83,-74,-79,c2_s4
-84,-74,-80,c2_s4
-84,-75,-78,c2_s4
-83,-75,-79,c2_s4
-83,-75,-79,c2_s4
-84,-75,-79,c2_s4
-84,-76,-80,c2_s4
-83,-76,-81,c2_s4
-85,-74,-79,c2_s4
-83,-76,-81,c2_s4
-84,-74,-81,c2_s4
-84,-74,-79,c2_s4
-84,-76,-79,c2_s4
-84,-75,-81,c2_s4
-84,-75,-79,c2_s4
-84,-76,-80,c2_s4
-84,-75,-79,c2_s4
-84,-76,-78,c2_s4
-84,-74,-79,c2_s4
-84,-76,-79,c2_s4
-84,-74,-79,c2_s4
-85,-77,-79,c2_s4
-84,-75,-80,c2_s4
-83,-74,-79,c2_s4
-84,-76,-79,c2_s4
-84,-75,-81,c2_s4
-84,-75,-79,c2_s4
-83,-74,-79,c2_s4
-84,-75,-80,c2_s4
-84,-74,-79,c2_s4
-82,-76,-78,c2_s4
-83,-74,-80,c2_s4
-83,-75,-79,c2_s4
-84,-74,-81,c2_s4
-83,-76,-79,c2_s4
-84,-75,-80,c2_s4
-84,-76,-80,c2_s4
-85,-76,-79,c2_s4
-85,-76,-80,c2_s4
-82,-76,-79,c2_s4
-84,-75,-80,c2_s4
-83,-75,-79,c2_s4
-84,-75,-79,c2_s4
-83,-76,-79,c2_s4
-84,-76,-80,c2_s4
-84,-76,-80,c2_s4
-83,-75,-81,c2_s4
-84,-75,-81,c2_s4
-84,-75,-81,c2_s4
-83,-75,-80,c2_s4
-84,-74,-80,c2_s4
-83,-74,-80,c2_s4
-84,-74,-81,c2_s4
-84,-75,-79,c2_s4
-84,-75,-81,c2_s4
-84,-75,-79,c2_s4
-84,-75,-80,c2_s4
-83,-77,-79,c2_s4
-85,-75,-80,c2_s4
-84,-75,-78,c2_s4
-84,-75,-80,c2_s4
-83,-75,-79,c2_s4
-84,-75,-79,c2_s4
-85,-75,-80,c2_s4
-84,-74,-80,c2_s4
-84,-75,-79,c2_s4
-84,-75,-81,c2_s4