GW1,GW2,GW3,Setor
-77,-90,-90,c1_s1
-78,-93,-91,c1_s1
-76,-93,-93,c1_s1
-76,-94,-89,c1_s1
-77,-90,-89,c1_s1
-78,-90,-91,c1_s1
-77,-85,-89,c1_s1
-76,-91,-88,c1_s1
-76,-92,-89,c1_s1
-76,-85,-90,c1_s1
-77,-92,-89,c1_s1
-78,-90,-88,c1_s1
-78,-83,-90,c1_s1
-76,-91,-89,c1_s1
-76,-89,-87,c1_s1
-76,-87,-89,c1_s1
-77,-91,-89,c1_s1
-76,-82,-87,c1_s1
-77,-92,-90,c1_s1
-78,-83,-89,c1_s1
-78,-90,-90,c1_s1
-76,-90,-90,c1_s1
-76,-90,-94,c1_s1
-78,-90,-90,c1_s1
-78,-90,-88,c1_s1
-75,-90,-89,c1_s1
-78,-90,-89,c1_s1
-77,-89,-90,c1_s1
-76,-91,-91,c1_s1
-77,-90,-90,c1_s1
-77,-93,-89,c1_s1
-78,-90,-89,c1_s1
-77,-91,-89,c1_s1
-76,-92,-88,c1_s1
-79,-95,-88,c1_s1
-77,-88,-92,c1_s1
-76,-88,-88,c1_s1
-77,-90,-92,c1_s1
-77,-92,-91,c1_s1
-78,-90,-90,c1_s1
-76,-91,-89,c1_s1
-78,-90,-90,c1_s1
-78,-91,-88,c1_s1
-77,-91,-91,c1_s1
-77,-90,-89,c1_s1
-76,-85,-92,c1_s1
-76,-83,-87,c1_s1
-76,-88,-91,c1_s1
-78,-88,-89,c1_s1
-78,-90,-89,c1_s1
-76,-89,-90,c1_s1
-77,-92,-90,c1_s1
-78,-82,-90,c1_s1
-76,-91,-88,c1_s1
-78,-90,-90,c1_s1
-77,-92,-88,c1_s1
-77,-89,-88,c1_s1
-76,-92,-89,c1_s1
-76,-92,-90,c1_s1
-78,-87,-90,c1_s1
-77,-94,-91,c1_s1
-79,-86,-88,c1_s1
-78,-83,-90,c1_s1
-77,-91,-87,c1_s1
-77,-88,-88,c1_s1
-78,-91,-89,c1_s1
-78,-83,-92,c1_s1
-76,-83,-89,c1_s1
-76,-90,-90,c1_s1
-78,-91,-89,c1_s1
-75,-91,-89,c1_s1
-77,-89,-89,c1_s1
-77,-91,-88,c1_s1
-78,-91,-89,c1_s1
-76,-86,-92,c1_s1
-76,-89,-89,c1_s1
-77,-88,-88,c1_s1
-77,-90,-88,c1_s1
-76,-92,-89,c1_s1
-76,-89,-94,c1_s1
-76,-90,-89,c1_s1
-76,-91,-88,c1_s1
-78,-91,-89,c1_s1
-67,-89,-91,c1_s1
-77,-92,-90,c1_s1
-76,-92,-93,c1_s1
-76,-92,-90,c1_s1
-77,-91,-93,c1_s1
-78,-93,-92,c1_s1
-76,-90,-90,c1_s1
-76,-82,-89,c1_s1
-76,-91,-89,c1_s1
-77,-90,-87,c1_s1
-77,-90,-89,c1_s1
-77,-92,-89,c1_s1
-77,-91,-91,c1_s1
-77,-90,-90,c1_s1
-77,-83,-90,c1_s1
-76,-91,-89,c1_s1
-77,-91,-89,c1_s1
-77,-91,-87,c1_s1
-76,-90,-87,c1_s1
-78,-93,-92,c1_s1
-76,-90,-89,c1_s1
-76,-93,-89,c1_s1
-77,-89,-89,c1_s1
-76,-91,-87,c1_s1
-76,-91,-90,c1_s1
-76,-92,-91,c1_s1
-78,-91,-90,c1_s1
-76,-89,-91,c1_s1
-77,-90,-95,c1_s1
-67,-91,-89,c1_s1
-77,-91,-89,c1_s1
-78,-90,-89,c1_s1
-78,-90,-89,c1_s1
-78,-90,-90,c1_s1
-76,-83,-90,c1_s1
-77,-84,-89,c1_s1
-76,-92,-88,c1_s1
-76,-89,-90,c1_s1
-76,-92,-90,c1_s1
-76,-93,-88,c1_s1
-77,-91,-90,c1_s1
-77,-91,-89,c1_s1
-77,-91,-89,c1_s1
-76,-90,-87,c1_s1
-78,-89,-88,c1_s1
-77,-91,-91,c1_s1
-76,-83,-89,c1_s1
-77,-90,-90,c1_s1
-78,-83,-89,c1_s1
-77,-92,-91,c1_s1
-77,-89,-89,c1_s1
-78,-84,-92,c1_s1
-75,-89,-90,c1_s1
-77,-89,-87,c1_s1
-78,-90,-89,c1_s1
-78,-89,-93,c1_s1
-77,-87,-89,c1_s1
-75,-91,-88,c1_s1
-77,-90,-87,c1_s1
-77,-82,-90,c1_s1
-76,-89,-89,c1_s1
-76,-89,-87,c1_s1
-77,-88,-89,c1_s1
-76,-92,-89,c1_s1
-76,-90,-88,c1_s1
-76,-90,-90,c1_s1
-77,-90,-90,c1_s1
-76,-88,-91,c1_s1
-77,-91,-88,c1_s1
-77,-91,-87,c1_s1
-77,-90,-89,c1_s1
-76,-90,-86,c1_s1
-76,-90,-88,c1_s1
-77,-89,-87,c1_s1
-77,-90,-90,c1_s1
-76,-92,-89,c1_s1
-77,-91,-88,c1_s1
-76,-89,-89,c1_s1
-77,-91,-87,c1_s1
-76,-89,-91,c1_s1
-77,-91,-87,c1_s1
-76,-87,-91,c1_s1
-76,-93,-90,c1_s1
-76,-91,-88,c1_s1
-76,-88,-88,c1_s1
-78,-91,-87,c1_s1
-76,-93,-86,c1_s1
-77,-89,-89,c1_s1
-76,-89,-91,c1_s1
-78,-91,-89,c1_s1
-77,-89,-89,c1_s1
-76,-90,-92,c1_s1
-77,-82,-88,c1_s1
-75,-91,-88,c1_s1
-75,-82,-88,c1_s1
-76,-90,-89,c1_s1
-77,-90,-88,c1_s1
-76,-89,-89,c1_s1
-76,-83,-90,c1_s1
-76,-90,-89,c1_s1
-77,-90,-89,c1_s1
-76,-90,-89,c1_s1
-77,-90,-90,c1_s1
-76,-89,-89,c1_s1
-77,-90,-88,c1_s1
-75,-90,-90,c1_s1
-77,-89,-90,c1_s1
-76,-90,-89,c1_s1
-76,-89,-88,c1_s1
-77,-92,-92,c1_s1
-75,-89,-89,c1_s1
-69,-82,-90,c1_s1
-76,-82,-90,c1_s1
-76,-90,-88,c1_s1
-75,-91,-89,c1_s1
-77,-91,-87,c1_s1
-75,-92,-89,c1_s1
-76,-90,-88,c1_s1
-77,-90,-91,c1_s1
-76,-91,-91,c1_s1
-76,-88,-91,c1_s1
-77,-93,-92,c1_s1
-75,-82,-88,c1_s1
-78,-90,-89,c1_s1
-77,-89,-88,c1_s1
-77,-90,-88,c1_s1
-77,-90,-92,c1_s1
-77,-94,-92,c1_s1
-77,-90,-89,c1_s1
-76,-89,-89,c1_s1
-76,-90,-89,c1_s1
-77,-90,-91,c1_s1
-75,-91,-88,c1_s1
-76,-89,-87,c1_s1
-77,-89,-91,c1_s1
-77,-88,-89,c1_s1
-76,-88,-89,c1_s1
-75,-88,-93,c1_s1
-75,-91,-90,c1_s1
-76,-89,-91,c1_s1
-76,-93,-88,c1_s1
-75,-92,-89,c1_s1
-77,-92,-87,c1_s1
-76,-89,-89,c1_s1
-77,-90,-88,c1_s1
-76,-91,-89,c1_s1
-76,-90,-89,c1_s1
-77,-93,-89,c1_s1
-76,-90,-90,c1_s1
-76,-89,-89,c1_s1
-77,-88,-89,c1_s1
-77,-92,-89,c1_s1
-77,-89,-92,c1_s1
-76,-91,-89,c1_s1
-76,-90,-91,c1_s1
-75,-92,-87,c1_s1
-76,-93,-88,c1_s1
-76,-89,-91,c1_s1
-75,-91,-89,c1_s1
-76,-89,-90,c1_s1
-75,-82,-88,c1_s1
-77,-82,-88,c1_s1
-75,-91,-88,c1_s1
-75,-93,-91,c1_s1
-76,-90,-87,c1_s1
-75,-93,-87,c1_s1
-77,-82,-89,c1_s1
-76,-89,-88,c1_s1
-76,-90,-92,c1_s1
-75,-89,-90,c1_s1
-76,-93,-92,c1_s1
-75,-88,-90,c1_s1
-76,-89,-90,c1_s1
-76,-90,-90,c1_s1
-76,-91,-89,c1_s1
-77,-89,-88,c1_s1
-75,-89,-90,c1_s1
-77,-91,-92,c1_s1
-75,-90,-89,c1_s1
-77,-90,-88,c1_s1
-75,-91,-89,c1_s1
-75,-88,-89,c1_s1
-70,-83,-88,c1_s1
-77,-90,-89,c1_s1
-76,-89,-89,c1_s1
-77,-82,-89,c1_s1
-75,-91,-89,c1_s1
-76,-89,-91,c1_s1
-76,-93,-90,c1_s1
-77,-89,-88,c1_s1
-76,-83,-87,c1_s1
-76,-88,-89,c1_s1
-76,-90,-89,c1_s1
-76,-88,-87,c1_s1
-77,-81,-88,c1_s1
-77,-88,-90,c1_s1
-77,-89,-89,c1_s1
-75,-92,-90,c1_s1
-76,-83,-90,c1_s1
-76,-89,-89,c1_s1
-77,-89,-89,c1_s1
-76,-88,-87,c1_s1
-77,-91,-90,c1_s1
-75,-89,-90,c1_s1
-77,-94,-89,c1_s1
-77,-88,-89,c1_s1
-76,-91,-90,c1_s1
-76,-90,-88,c1_s1
-76,-90,-93,c1_s1
-76,-88,-90,c1_s1
-76,-82,-89,c1_s1
-76,-89,-90,c1_s1
-75,-91,-92,c1_s1
-77,-89,-91,c1_s1
-78,-92,-88,c1_s1
-77,-91,-93,c1_s1
-77,-90,-91,c1_s1
-77,-92,-89,c1_s1
-76,-88,-88,c1_s1
-76,-91,-89,c1_s1
-77,-89,-91,c1_s1
-76,-83,-87,c1_s1
-76,-91,-88,c1_s1
-77,-90,-91,c1_s1
-76,-91,-89,c1_s1
-75,-90,-90,c1_s1
-77,-90,-93,c1_s1
-76,-91,-88,c1_s1
-70,-81,-89,c1_s1
-77,-90,-88,c1_s1
-75,-89,-89,c1_s1
-78,-91,-88,c1_s1
-89,-81,-81,c1_s2
-90,-81,-82,c1_s2
-87,-82,-92,c1_s2
-88,-81,-81,c1_s2
-90,-82,-93,c1_s2
-88,-79,-92,c1_s2
-88,-82,-90,c1_s2
-88,-81,-81,c1_s2
-89,-81,-93,c1_s2
-88,-82,-90,c1_s2
-91,-81,-81,c1_s2
-88,-81,-81,c1_s2
-87,-82,-89,c1_s2
-88,-82,-91,c1_s2
-89,-83,-91,c1_s2
-90,-82,-81,c1_s2
-90,-81,-81,c1_s2
-88,-82,-81,c1_s2
-89,-82,-81,c1_s2
-89,-82,-81,c1_s2
-89,-83,-81,c1_s2
-87,-78,-93,c1_s2
-88,-82,-81,c1_s2
-87,-82,-80,c1_s2
-90,-81,-81,c1_s2
-89,-81,-81,c1_s2
-88,-83,-91,c1_s2
-89,-79,-93,c1_s2
-89,-81,-90,c1_s2
-90,-84,-81,c1_s2
-89,-81,-90,c1_s2
-88,-82,-96,c1_s2
-89,-81,-93,c1_s2
-89,-81,-82,c1_s2
-89,-82,-91,c1_s2
-90,-81,-95,c1_s2
-91,-81,-80,c1_s2
-87,-82,-93,c1_s2
-88,-81,-81,c1_s2
-88,-82,-82,c1_s2
-90,-81,-93,c1_s2
-88,-82,-90,c1_s2
-88,-82,-81,c1_s2
-89,-82,-81,c1_s2
-88,-78,-89,c1_s2
-87,-83,-81,c1_s2
-88,-82,-96,c1_s2
-88,-82,-81,c1_s2
-89,-81,-88,c1_s2
-90,-79,-91,c1_s2
-93,-79,-92,c1_s2
-92,-81,-93,c1_s2
-89,-83,-91,c1_s2
-89,-82,-80,c1_s2
-87,-82,-81,c1_s2
-88,-82,-90,c1_s2
-88,-82,-89,c1_s2
-89,-83,-81,c1_s2
-87,-83,-81,c1_s2
-90,-83,-80,c1_s2
-88,-84,-90,c1_s2
-88,-82,-81,c1_s2
-87,-80,-81,c1_s2
-88,-81,-81,c1_s2
-88,-82,-80,c1_s2
-89,-81,-92,c1_s2
-87,-81,-81,c1_s2
-88,-83,-82,c1_s2
-87,-83,-90,c1_s2
-86,-81,-81,c1_s2
-89,-81,-81,c1_s2
-90,-80,-92,c1_s2
-89,-84,-89,c1_s2
-87,-83,-81,c1_s2
-90,-84,-81,c1_s2
-88,-83,-81,c1_s2
-89,-83,-91,c1_s2
-89,-84,-92,c1_s2
-87,-80,-91,c1_s2
-88,-78,-97,c1_s2
-90,-83,-81,c1_s2
-88,-80,-81,c1_s2
-87,-80,-81,c1_s2
-89,-81,-95,c1_s2
-89,-81,-95,c1_s2
-88,-84,-81,c1_s2
-87,-83,-81,c1_s2
-88,-83,-81,c1_s2
-90,-79,-89,c1_s2
-88,-83,-80,c1_s2
-88,-80,-93,c1_s2
-86,-80,-82,c1_s2
-90,-81,-81,c1_s2
-89,-85,-81,c1_s2
-88,-79,-82,c1_s2
-88,-81,-80,c1_s2
-89,-84,-89,c1_s2
-90,-84,-81,c1_s2
-89,-81,-81,c1_s2
-87,-83,-81,c1_s2
-87,-82,-81,c1_s2
-90,-83,-81,c1_s2
-88,-84,-79,c1_s2
-88,-80,-82,c1_s2
-89,-82,-90,c1_s2
-90,-82,-92,c1_s2
-89,-84,-81,c1_s2
-90,-81,-81,c1_s2
-89,-82,-81,c1_s2
-87,-85,-81,c1_s2
-87,-83,-81,c1_s2
-87,-80,-81,c1_s2
-88,-80,-81,c1_s2
-88,-80,-81,c1_s2
-87,-84,-81,c1_s2
-88,-84,-92,c1_s2
-90,-82,-81,c1_s2
-89,-82,-81,c1_s2
-88,-82,-82,c1_s2
-87,-81,-90,c1_s2
-88,-83,-80,c1_s2
-89,-81,-80,c1_s2
-88,-84,-82,c1_s2
-90,-84,-81,c1_s2
-90,-81,-80,c1_s2
-89,-84,-81,c1_s2
-88,-84,-81,c1_s2
-87,-84,-80,c1_s2
-87,-81,-92,c1_s2
-87,-83,-94,c1_s2
-88,-81,-92,c1_s2
-88,-81,-82,c1_s2
-87,-84,-82,c1_s2
-89,-81,-81,c1_s2
-89,-84,-83,c1_s2
-88,-83,-93,c1_s2
-87,-82,-81,c1_s2
-89,-82,-81,c1_s2
-88,-83,-81,c1_s2
-87,-82,-81,c1_s2
-88,-80,-82,c1_s2
-88,-84,-82,c1_s2
-87,-80,-81,c1_s2
-88,-81,-81,c1_s2
-88,-82,-82,c1_s2
-92,-83,-81,c1_s2
-87,-80,-81,c1_s2
-92,-83,-82,c1_s2
-87,-80,-82,c1_s2
-88,-80,-82,c1_s2
-86,-80,-94,c1_s2
-88,-84,-81,c1_s2
-88,-80,-90,c1_s2
-88,-84,-81,c1_s2
-89,-80,-82,c1_s2
-87,-84,-92,c1_s2
-88,-83,-89,c1_s2
-87,-80,-80,c1_s2
-87,-81,-80,c1_s2
-88,-80,-81,c1_s2
-87,-80,-82,c1_s2
-87,-80,-81,c1_s2
-88,-83,-83,c1_s2
-86,-83,-81,c1_s2
-87,-84,-94,c1_s2
-89,-81,-81,c1_s2
-88,-80,-81,c1_s2
-88,-82,-81,c1_s2
-88,-80,-81,c1_s2
-86,-80,-82,c1_s2
-88,-80,-89,c1_s2
-87,-80,-92,c1_s2
-86,-84,-82,c1_s2
-89,-83,-96,c1_s2
-87,-83,-93,c1_s2
-88,-80,-82,c1_s2
-86,-82,-81,c1_s2
-88,-81,-81,c1_s2
-88,-83,-83,c1_s2
-88,-80,-81,c1_s2
-86,-83,-81,c1_s2
-88,-82,-81,c1_s2
-88,-80,-93,c1_s2
-87,-80,-80,c1_s2
-86,-83,-82,c1_s2
-87,-82,-81,c1_s2
-93,-82,-82,c1_s2
-93,-82,-82,c1_s2
-88,-83,-81,c1_s2
-88,-81,-81,c1_s2
-89,-81,-81,c1_s2
-88,-81,-81,c1_s2
-88,-80,-82,c1_s2
-86,-80,-93,c1_s2
-88,-81,-91,c1_s2
-88,-82,-82,c1_s2
-87,-80,-81,c1_s2
-86,-80,-82,c1_s2
-94,-82,-82,c1_s2
-89,-79,-92,c1_s2
-88,-84,-82,c1_s2
-87,-81,-95,c1_s2
-87,-79,-82,c1_s2
-88,-82,-92,c1_s2
-88,-82,-94,c1_s2
-87,-80,-89,c1_s2
-88,-83,-81,c1_s2
-88,-80,-82,c1_s2
-87,-79,-81,c1_s2
-87,-81,-81,c1_s2
-90,-80,-81,c1_s2
-88,-84,-93,c1_s2
-88,-82,-90,c1_s2
-92,-81,-82,c1_s2
-87,-80,-81,c1_s2
-88,-82,-85,c1_s2
-87,-82,-81,c1_s2
-93,-83,-91,c1_s2
-87,-80,-90,c1_s2
-94,-83,-98,c1_s2
-87,-80,-81,c1_s2
-86,-81,-91,c1_s2
-87,-80,-90,c1_s2
-88,-81,-81,c1_s2
-87,-81,-95,c1_s2
-88,-82,-89,c1_s2
-87,-78,-85,c1_s2
-88,-83,-80,c1_s2
-87,-84,-82,c1_s2
-86,-83,-81,c1_s2
-87,-80,-97,c1_s2
-87,-80,-91,c1_s2
-88,-80,-81,c1_s2
-87,-85,-95,c1_s2
-88,-80,-80,c1_s2
-88,-82,-81,c1_s2
-87,-83,-81,c1_s2
-86,-82,-82,c1_s2
-86,-83,-81,c1_s2
-86,-80,-82,c1_s2
-88,-80,-80,c1_s2
-88,-80,-81,c1_s2
-88,-80,-81,c1_s2
-87,-80,-82,c1_s2
-88,-80,-81,c1_s2
-86,-83,-92,c1_s2
-88,-83,-81,c1_s2
-85,-80,-91,c1_s2
-88,-83,-82,c1_s2
-88,-82,-91,c1_s2
-88,-83,-81,c1_s2
-88,-82,-81,c1_s2
-86,-84,-95,c1_s2
-86,-83,-81,c1_s2
-87,-85,-81,c1_s2
-89,-80,-93,c1_s2
-86,-82,-81,c1_s2
-89,-81,-82,c1_s2
-87,-80,-82,c1_s2
-86,-80,-81,c1_s2
-86,-83,-93,c1_s2
-87,-80,-91,c1_s2
-86,-82,-82,c1_s2
-87,-79,-82,c1_s2
-87,-80,-81,c1_s2
-86,-82,-82,c1_s2
-88,-82,-90,c1_s2
-88,-80,-82,c1_s2
-86,-81,-81,c1_s2
-89,-80,-89,c1_s2
-88,-84,-81,c1_s2
-88,-80,-81,c1_s2
-89,-81,-81,c1_s2
-90,-81,-82,c1_s2
-89,-81,-81,c1_s2
-87,-83,-81,c1_s2
-88,-82,-93,c1_s2
-86,-83,-81,c1_s2
-86,-83,-92,c1_s2
-89,-80,-82,c1_s2
-88,-80,-89,c1_s2
-87,-80,-92,c1_s2
-90,-81,-81,c1_s2
-89,-80,-92,c1_s2
-90,-83,-82,c1_s2
-90,-81,-81,c1_s2
-83,-83,-82,c1_s2
-88,-81,-95,c1_s2
-87,-82,-81,c1_s2
-90,-82,-89,c1_s2
-88,-78,-90,c1_s2
-92,-80,-90,c1_s2
-91,-82,-92,c1_s2
-92,-81,-81,c1_s2
-87,-83,-83,c1_s2
-84,-84,-80,c1_s2
-85,-83,-82,c1_s2
-89,-81,-90,c1_s2
-88,-81,-96,c1_s2
-87,-82,-89,c1_s2
-89,-81,-85,c1_s2
-90,-83,-92,c1_s2
-90,-80,-94,c1_s2
-87,-80,-91,c1_s2
-83,-81,-82,c1_s2
-89,-80,-81,c1_s2
-85,-79,-82,c1_s2
-88,-83,-83,c1_s2
-88,-82,-89,c1_s2
-87,-82,-81,c1_s2
-93,-83,-81,c1_s2
-91,-81,-84,c1_s2
-90,-81,-80,c1_s2
-88,-81,-82,c1_s2
-89,-83,-80,c1_s2
-85,-89,-71,c1_s3
-86,-90,-71,c1_s3
-85,-89,-71,c1_s3
-85,-89,-71,c1_s3
-85,-90,-72,c1_s3
-85,-89,-71,c1_s3
-84,-88,-71,c1_s3
-85,-91,-71,c1_s3
-85,-89,-71,c1_s3
-87,-91,-71,c1_s3
-85,-90,-71,c1_s3
-86,-89,-71,c1_s3
-87,-90,-71,c1_s3
-86,-91,-71,c1_s3
-86,-89,-71,c1_s3
-86,-91,-71,c1_s3
-85,-92,-71,c1_s3
-85,-90,-72,c1_s3
-85,-89,-71,c1_s3
-84,-90,-72,c1_s3
-84,-91,-71,c1_s3
-85,-90,-71,c1_s3
-86,-88,-71,c1_s3
-85,-88,-72,c1_s3
-85,-90,-71,c1_s3
-84,-88,-71,c1_s3
-86,-89,-71,c1_s3
-85,-88,-71,c1_s3
-85,-89,-71,c1_s3
-86,-88,-71,c1_s3
-85,-90,-71,c1_s3
-87,-89,-71,c1_s3
-85,-89,-71,c1_s3
-86,-90,-71,c1_s3
-85,-92,-71,c1_s3
-84,-91,-71,c1_s3
-87,-89,-71,c1_s3
-87,-91,-71,c1_s3
-85,-88,-72,c1_s3
-85,-90,-71,c1_s3
-85,-89,-71,c1_s3
-86,-89,-71,c1_s3
-85,-87,-71,c1_s3
-85,-90,-71,c1_s3
-84,-88,-71,c1_s3
-86,-89,-72,c1_s3
-86,-92,-71,c1_s3
-85,-90,-71,c1_s3
-86,-90,-71,c1_s3
-86,-90,-71,c1_s3
-84,-89,-71,c1_s3
-85,-89,-71,c1_s3
-86,-90,-71,c1_s3
-85,-91,-71,c1_s3
-86,-90,-71,c1_s3
-86,-89,-71,c1_s3
-86,-88,-71,c1_s3
-85,-89,-71,c1_s3
-86,-88,-71,c1_s3
-86,-89,-71,c1_s3
-87,-92,-71,c1_s3
-85,-92,-71,c1_s3
-84,-91,-71,c1_s3
-86,-89,-71,c1_s3
-85,-90,-71,c1_s3
-85,-89,-71,c1_s3
-86,-88,-71,c1_s3
-87,-90,-71,c1_s3
-86,-91,-71,c1_s3
-85,-91,-71,c1_s3
-85,-92,-71,c1_s3
-87,-90,-71,c1_s3
-86,-88,-71,c1_s3
-86,-89,-71,c1_s3
-86,-89,-71,c1_s3
-85,-90,-71,c1_s3
-86,-91,-71,c1_s3
-85,-88,-72,c1_s3
-87,-88,-71,c1_s3
-85,-89,-71,c1_s3
-87,-83,-71,c1_s3
-86,-88,-72,c1_s3
-85,-90,-71,c1_s3
-85,-92,-71,c1_s3
-85,-90,-71,c1_s3
-86,-89,-71,c1_s3
-86,-90,-71,c1_s3
-85,-89,-71,c1_s3
-87,-90,-71,c1_s3
-84,-89,-71,c1_s3
-84,-92,-71,c1_s3
-86,-88,-71,c1_s3
-86,-88,-71,c1_s3
-85,-88,-71,c1_s3
-85,-90,-72,c1_s3
-85,-88,-71,c1_s3
-85,-90,-71,c1_s3
-85,-90,-71,c1_s3
-85,-89,-71,c1_s3
-85,-87,-72,c1_s3
-86,-90,-71,c1_s3
-86,-91,-71,c1_s3
-86,-89,-71,c1_s3
-85,-89,-71,c1_s3
-86,-90,-71,c1_s3
-84,-88,-71,c1_s3
-85,-90,-71,c1_s3
-86,-90,-71,c1_s3
-87,-89,-71,c1_s3
-85,-88,-71,c1_s3
-85,-90,-71,c1_s3
-85,-88,-71,c1_s3
-85,-90,-71,c1_s3
-85,-91,-71,c1_s3
-85,-90,-71,c1_s3
-86,-90,-71,c1_s3
-86,-88,-71,c1_s3
-85,-90,-71,c1_s3
-85,-89,-71,c1_s3
-87,-88,-71,c1_s3
-86,-88,-71,c1_s3
-84,-84,-71,c1_s3
-84,-88,-71,c1_s3
-84,-91,-71,c1_s3
-87,-88,-71,c1_s3
-85,-88,-71,c1_s3
-86,-88,-71,c1_s3
-85,-88,-71,c1_s3
-87,-92,-71,c1_s3
-85,-91,-71,c1_s3
-85,-87,-71,c1_s3
-86,-92,-70,c1_s3
-86,-92,-71,c1_s3
-84,-92,-71,c1_s3
-85,-91,-71,c1_s3
-85,-90,-71,c1_s3
-85,-89,-71,c1_s3
-84,-92,-71,c1_s3
-86,-90,-71,c1_s3
-86,-92,-71,c1_s3
-85,-92,-72,c1_s3
-85,-88,-71,c1_s3
-85,-91,-71,c1_s3
-86,-88,-71,c1_s3
-86,-90,-71,c1_s3
-84,-90,-72,c1_s3
-86,-88,-71,c1_s3
-85,-89,-71,c1_s3
-86,-88,-71,c1_s3
-86,-88,-71,c1_s3
-86,-88,-71,c1_s3
-85,-88,-71,c1_s3
-85,-88,-71,c1_s3
-84,-92,-73,c1_s3
-88,-90,-72,c1_s3
-87,-91,-71,c1_s3
-86,-90,-71,c1_s3
-85,-92,-71,c1_s3
-85,-94,-71,c1_s3
-84,-89,-71,c1_s3
-86,-93,-72,c1_s3
-84,-92,-72,c1_s3
-86,-89,-71,c1_s3
-85,-96,-72,c1_s3
-84,-90,-71,c1_s3
-86,-92,-72,c1_s3
-84,-89,-72,c1_s3
-85,-84,-72,c1_s3
-85,-89,-71,c1_s3
-85,-90,-71,c1_s3
-87,-91,-71,c1_s3
-85,-92,-72,c1_s3
-85,-90,-71,c1_s3
-86,-90,-71,c1_s3
-86,-93,-71,c1_s3
-85,-92,-71,c1_s3
-86,-90,-71,c1_s3
-86,-90,-71,c1_s3
-86,-93,-71,c1_s3
-85,-91,-71,c1_s3
-86,-93,-72,c1_s3
-86,-91,-71,c1_s3
-85,-91,-71,c1_s3
-87,-89,-71,c1_s3
-85,-89,-71,c1_s3
-85,-89,-71,c1_s3
-85,-90,-71,c1_s3
-86,-89,-71,c1_s3
-86,-89,-70,c1_s3
-85,-89,-71,c1_s3
-85,-88,-71,c1_s3
-86,-91,-71,c1_s3
-88,-91,-71,c1_s3
-86,-90,-71,c1_s3
-87,-92,-71,c1_s3
-85,-91,-71,c1_s3
-85,-91,-71,c1_s3
-85,-93,-71,c1_s3
-86,-92,-71,c1_s3
-87,-91,-71,c1_s3
-86,-91,-71,c1_s3
-86,-91,-71,c1_s3
-86,-92,-71,c1_s3
-85,-93,-71,c1_s3
-88,-94,-71,c1_s3
-86,-90,-71,c1_s3
-86,-91,-71,c1_s3
-85,-91,-71,c1_s3
-85,-89,-72,c1_s3
-86,-90,-71,c1_s3
-87,-90,-71,c1_s3
-86,-90,-71,c1_s3
-84,-83,-70,c1_s3
-86,-90,-71,c1_s3
-86,-85,-71,c1_s3
-86,-91,-71,c1_s3
-86,-89,-71,c1_s3
-86,-91,-71,c1_s3
-87,-90,-71,c1_s3
-85,-91,-71,c1_s3
-86,-83,-71,c1_s3
-84,-93,-71,c1_s3
-85,-91,-71,c1_s3
-87,-92,-71,c1_s3
-86,-91,-71,c1_s3
-87,-90,-71,c1_s3
-85,-93,-71,c1_s3
-85,-93,-71,c1_s3
-85,-93,-71,c1_s3
-85,-90,-71,c1_s3
-86,-92,-71,c1_s3
-85,-92,-71,c1_s3
-84,-92,-71,c1_s3
-84,-90,-71,c1_s3
-85,-92,-71,c1_s3
-85,-89,-71,c1_s3
-84,-83,-71,c1_s3
-86,-90,-71,c1_s3
-87,-90,-71,c1_s3
-85,-90,-71,c1_s3
-85,-93,-71,c1_s3
-85,-90,-71,c1_s3
-86,-90,-71,c1_s3
-85,-90,-71,c1_s3
-85,-91,-71,c1_s3
-86,-91,-71,c1_s3
-86,-92,-71,c1_s3
-87,-93,-71,c1_s3
-84,-89,-71,c1_s3
-86,-88,-71,c1_s3
-87,-88,-71,c1_s3
-85,-89,-71,c1_s3
-85,-91,-71,c1_s3
-85,-91,-71,c1_s3
-84,-92,-70,c1_s3
-86,-89,-71,c1_s3
-86,-90,-71,c1_s3
-86,-89,-71,c1_s3
-87,-90,-71,c1_s3
-85,-92,-71,c1_s3
-85,-89,-71,c1_s3
-85,-89,-71,c1_s3
-86,-91,-71,c1_s3
-85,-90,-71,c1_s3
-86,-89,-71,c1_s3
-85,-91,-70,c1_s3
-86,-93,-71,c1_s3
-85,-90,-71,c1_s3
-84,-89,-71,c1_s3
-86,-91,-71,c1_s3
-86,-90,-71,c1_s3
-86,-90,-71,c1_s3
-86,-90,-71,c1_s3
-84,-89,-71,c1_s3
-85,-90,-71,c1_s3
-85,-90,-71,c1_s3
-84,-89,-71,c1_s3
-84,-92,-72,c1_s3
-85,-91,-71,c1_s3
-86,-92,-71,c1_s3
-83,-89,-71,c1_s3
-85,-91,-71,c1_s3
-84,-88,-71,c1_s3
-85,-90,-71,c1_s3
-85,-91,-72,c1_s3
-85,-91,-71,c1_s3
-86,-90,-71,c1_s3
-85,-91,-71,c1_s3
-87,-90,-71,c1_s3
-85,-89,-71,c1_s3
-85,-90,-71,c1_s3
-85,-88,-71,c1_s3
-86,-89,-71,c1_s3
-86,-91,-71,c1_s3
-85,-89,-71,c1_s3
-85,-91,-71,c1_s3
-85,-89,-71,c1_s3
-87,-89,-71,c1_s3
-86,-91,-71,c1_s3
-86,-89,-71,c1_s3
-85,-88,-71,c1_s3
-85,-89,-71,c1_s3
-85,-89,-71,c1_s3
-85,-88,-71,c1_s3
-84,-90,-71,c1_s3
-85,-91,-71,c1_s3
-87,-91,-71,c1_s3
-83,-88,-71,c1_s3
-86,-91,-71,c1_s3
-86,-90,-71,c1_s3
-86,-91,-72,c1_s3
-87,-89,-71,c1_s3
-85,-89,-71,c1_s3
-85,-90,-71,c1_s3
-85,-89,-71,c1_s3
-89,-84,-75,c1_s4
-90,-88,-75,c1_s4
-90,-86,-75,c1_s4
-88,-86,-76,c1_s4
-91,-84,-75,c1_s4
-91,-86,-76,c1_s4
-89,-84,-75,c1_s4
-88,-85,-75,c1_s4
-91,-85,-76,c1_s4
-90,-85,-75,c1_s4
-90,-86,-75,c1_s4
-91,-85,-76,c1_s4
-92,-85,-75,c1_s4
-90,-86,-76,c1_s4
-89,-86,-75,c1_s4
-92,-86,-75,c1_s4
-90,-86,-75,c1_s4
-90,-86,-76,c1_s4
-88,-86,-75,c1_s4
-88,-85,-75,c1_s4
-89,-86,-75,c1_s4
-90,-84,-75,c1_s4
-89,-85,-75,c1_s4
-90,-86,-75,c1_s4
-88,-86,-75,c1_s4
-90,-86,-76,c1_s4
-90,-88,-75,c1_s4
-88,-86,-75,c1_s4
-89,-85,-75,c1_s4
-89,-84,-75,c1_s4
-87,-86,-74,c1_s4
-88,-84,-75,c1_s4
-90,-86,-75,c1_s4
-88,-84,-76,c1_s4
-90,-85,-75,c1_s4
-90,-84,-75,c1_s4
-89,-86,-77,c1_s4
-90,-86,-77,c1_s4
-91,-86,-75,c1_s4
-89,-86,-76,c1_s4
-88,-84,-75,c1_s4
-88,-85,-76,c1_s4
-87,-85,-76,c1_s4
-88,-86,-75,c1_s4
-91,-86,-76,c1_s4
-91,-84,-76,c1_s4
-90,-85,-76,c1_s4
-90,-87,-76,c1_s4
-89,-87,-75,c1_s4
-90,-85,-76,c1_s4
-89,-85,-76,c1_s4
-89,-87,-76,c1_s4
-89,-85,-76,c1_s4
-91,-85,-75,c1_s4
-88,-86,-76,c1_s4
-89,-87,-76,c1_s4
-89,-85,-75,c1_s4
-91,-86,-76,c1_s4
-89,-85,-76,c1_s4
-92,-86,-76,c1_s4
-91,-85,-76,c1_s4
-89,-85,-75,c1_s4
-88,-85,-75,c1_s4
-88,-86,-75,c1_s4
-87,-84,-75,c1_s4
-89,-86,-75,c1_s4
-88,-84,-75,c1_s4
-89,-86,-75,c1_s4
-87,-85,-75,c1_s4
-88,-86,-75,c1_s4
-87,-86,-75,c1_s4
-88,-86,-75,c1_s4
-88,-86,-75,c1_s4
-90,-85,-75,c1_s4
-89,-84,-74,c1_s4
-90,-86,-75,c1_s4
-89,-85,-75,c1_s4
-90,-85,-75,c1_s4
-88,-85,-75,c1_s4
-91,-85,-75,c1_s4
-89,-84,-74,c1_s4
-88,-87,-75,c1_s4
-88,-87,-75,c1_s4
-86,-85,-75,c1_s4
-89,-85,-76,c1_s4
-90,-86,-75,c1_s4
-90,-86,-75,c1_s4
-92,-87,-75,c1_s4
-91,-84,-76,c1_s4
-93,-86,-75,c1_s4
-88,-85,-76,c1_s4
-89,-85,-75,c1_s4
-90,-85,-74,c1_s4
-90,-85,-76,c1_s4
-89,-86,-76,c1_s4
-89,-85,-76,c1_s4
-88,-86,-75,c1_s4
-88,-87,-76,c1_s4
-88,-85,-75,c1_s4
-88,-85,-76,c1_s4
-88,-85,-75,c1_s4
-87,-86,-76,c1_s4
-89,-87,-75,c1_s4
-90,-85,-75,c1_s4
-89,-86,-76,c1_s4
-89,-86,-75,c1_s4
-90,-86,-75,c1_s4
-91,-86,-76,c1_s4
-90,-85,-76,c1_s4
-89,-86,-75,c1_s4
-88,-85,-75,c1_s4
-90,-85,-75,c1_s4
-88,-84,-75,c1_s4
-90,-85,-75,c1_s4
-90,-86,-76,c1_s4
-90,-85,-76,c1_s4
-89,-88,-76,c1_s4
-88,-85,-75,c1_s4
-88,-85,-75,c1_s4
-90,-85,-75,c1_s4
-89,-84,-75,c1_s4
-88,-86,-76,c1_s4
-89,-85,-75,c1_s4
-90,-86,-75,c1_s4
-91,-84,-75,c1_s4
-87,-84,-76,c1_s4
-90,-87,-75,c1_s4
-89,-87,-74,c1_s4
-90,-85,-75,c1_s4
-89,-87,-75,c1_s4
-90,-86,-74,c1_s4
-89,-86,-74,c1_s4
-89,-87,-75,c1_s4
-90,-86,-75,c1_s4
-89,-86,-75,c1_s4
-88,-86,-74,c1_s4
-90,-86,-75,c1_s4
-88,-86,-75,c1_s4
-88,-86,-75,c1_s4
-90,-86,-75,c1_s4
-87,-86,-75,c1_s4
-87,-85,-75,c1_s4
-90,-87,-74,c1_s4
-90,-86,-74,c1_s4
-89,-86,-75,c1_s4
-90,-87,-75,c1_s4
-88,-85,-75,c1_s4
-89,-84,-74,c1_s4
-89,-88,-74,c1_s4
-89,-88,-74,c1_s4
-89,-87,-75,c1_s4
-88,-85,-74,c1_s4
-91,-86,-75,c1_s4
-89,-87,-75,c1_s4
-90,-86,-75,c1_s4
-88,-85,-74,c1_s4
-89,-86,-74,c1_s4
-89,-86,-74,c1_s4
-89,-86,-75,c1_s4
-87,-87,-75,c1_s4
-90,-88,-75,c1_s4
-90,-84,-75,c1_s4
-90,-85,-75,c1_s4
-88,-85,-75,c1_s4
-89,-86,-75,c1_s4
-88,-84,-75,c1_s4
-88,-86,-76,c1_s4
-88,-85,-75,c1_s4
-89,-85,-75,c1_s4
-90,-87,-75,c1_s4
-90,-86,-76,c1_s4
-86,-85,-75,c1_s4
-89,-84,-75,c1_s4
-92,-85,-75,c1_s4
-88,-85,-75,c1_s4
-87,-89,-75,c1_s4
-89,-86,-75,c1_s4
-87,-85,-76,c1_s4
-87,-85,-75,c1_s4
-87,-86,-75,c1_s4
-87,-84,-75,c1_s4
-88,-85,-75,c1_s4
-89,-84,-75,c1_s4
-88,-86,-75,c1_s4
-88,-87,-75,c1_s4
-89,-84,-75,c1_s4
-89,-86,-75,c1_s4
-89,-86,-75,c1_s4
-91,-85,-75,c1_s4
-86,-87,-74,c1_s4
-87,-84,-76,c1_s4
-87,-85,-75,c1_s4
-88,-85,-75,c1_s4
-89,-87,-75,c1_s4
-92,-85,-76,c1_s4
-88,-85,-75,c1_s4
-89,-85,-76,c1_s4
-87,-84,-75,c1_s4
-88,-85,-75,c1_s4
-89,-85,-75,c1_s4
-88,-84,-75,c1_s4
-88,-86,-76,c1_s4
-89,-84,-75,c1_s4
-91,-86,-75,c1_s4
-90,-85,-75,c1_s4
-90,-85,-76,c1_s4
-88,-84,-74,c1_s4
-87,-86,-76,c1_s4
-89,-85,-76,c1_s4
-90,-85,-76,c1_s4
-88,-84,-75,c1_s4
-88,-84,-76,c1_s4
-90,-85,-75,c1_s4
-89,-86,-75,c1_s4
-90,-84,-76,c1_s4
-88,-85,-76,c1_s4
-87,-84,-75,c1_s4
-89,-84,-76,c1_s4
-88,-84,-75,c1_s4
-87,-85,-75,c1_s4
-87,-85,-76,c1_s4
-89,-84,-75,c1_s4
-89,-85,-75,c1_s4
-86,-85,-75,c1_s4
-89,-84,-75,c1_s4
-89,-86,-75,c1_s4
-91,-84,-75,c1_s4
-91,-85,-74,c1_s4
-90,-84,-76,c1_s4
-89,-84,-75,c1_s4
-88,-84,-75,c1_s4
-89,-84,-75,c1_s4
-90,-82,-75,c1_s4
-89,-85,-76,c1_s4
-88,-85,-75,c1_s4
-89,-85,-76,c1_s4
-90,-85,-75,c1_s4
-88,-85,-75,c1_s4
-87,-85,-75,c1_s4
-87,-86,-75,c1_s4
-88,-84,-75,c1_s4
-86,-84,-75,c1_s4
-88,-84,-74,c1_s4
-87,-84,-76,c1_s4
-90,-85,-75,c1_s4
-88,-85,-75,c1_s4
-89,-84,-76,c1_s4
-87,-86,-75,c1_s4
-89,-85,-75,c1_s4
-88,-86,-75,c1_s4
-88,-84,-76,c1_s4
-86,-86,-75,c1_s4
-88,-85,-75,c1_s4
-89,-86,-76,c1_s4
-90,-87,-76,c1_s4
-88,-86,-75,c1_s4
-92,-85,-75,c1_s4
-88,-85,-75,c1_s4
-88,-86,-76,c1_s4
-92,-85,-75,c1_s4
-88,-86,-76,c1_s4
-89,-85,-76,c1_s4
-88,-85,-75,c1_s4
-91,-85,-75,c1_s4
-85,-84,-75,c1_s4
-89,-85,-76,c1_s4
-90,-83,-76,c1_s4
-91,-86,-76,c1_s4
-89,-84,-76,c1_s4
-90,-85,-75,c1_s4
-90,-84,-75,c1_s4
-89,-85,-75,c1_s4
-89,-85,-75,c1_s4
-90,-84,-76,c1_s4
-91,-85,-75,c1_s4
-90,-83,-76,c1_s4
-88,-85,-75,c1_s4
-90,-87,-76,c1_s4
-87,-85,-76,c1_s4
-89,-85,-76,c1_s4
-91,-85,-77,c1_s4
-91,-85,-76,c1_s4
-91,-85,-76,c1_s4
-87,-85,-75,c1_s4
-89,-84,-75,c1_s4
-89,-87,-76,c1_s4
-90,-85,-75,c1_s4
-89,-86,-76,c1_s4
-90,-87,-76,c1_s4
-90,-84,-76,c1_s4
-91,-85,-76,c1_s4
-89,-84,-76,c1_s4
-91,-85,-75,c1_s4
-94,-84,-75,c1_s4
-91,-85,-76,c1_s4
-87,-86,-75,c1_s4
-90,-85,-76,c1_s4
-90,-85,-76,c1_s4
-91,-86,-76,c1_s4
-91,-86,-76,c1_s4
-89,-85,-76,c1_s4
-90,-84,-76,c1_s4
-89,-85,-76,c1_s4
-89,-85,-76,c1_s4
-88,-84,-76,c1_s4
-93,-85,-76,c1_s4
-91,-86,-75,c1_s4
-89,-85,-75,c1_s4
-90,-86,-76,c1_s4
-87,-85,-76,c1_s4
-90,-85,-76,c1_s4
-88,-85,-76,c1_s4
-90,-84,-76,c1_s4
-88,-84,-76,c1_s4
-89,-83,-76,c1_s4